Scena,Frame_Num,Lidar_Token,Occlusion_Index,Area_m2,Distanza_m,Prob_Auto,Prob_Pedone,Prob_Camion,Prob_Bicicletta,Prob_Moto,Prob_Bus,Prob_Rimorchio,Prob_Barriera,Prob_Cono,Prob_Altro,Oggetto_Piu_Probabile,Prob_Massima,Sintesi
Scena 1 (cc8c0b),1,9d9bf11fb0e144c8b446d54a8a00184f,0,39.444,25.7,0.0149,0.237,0.0025,0.087,0.0125,0.0,0.0,0.1877,0.1,0.0877,Pedone,0.237,Presenza potenziale: Pedone (23.7%) stimata sulla superficie semantica di appoggio.
Scena 1 (cc8c0b),1,9d9bf11fb0e144c8b446d54a8a00184f,1,30.814,17.77,0.017,0.2525,0.0035,0.1025,0.0135,0.0,0.0,0.1825,0.1,0.0825,Pedone,0.2525,Presenza potenziale: Pedone (25.2%) stimata sulla superficie semantica di appoggio.
Scena 1 (cc8c0b),1,9d9bf11fb0e144c8b446d54a8a00184f,2,127.834,24.24,0.0106,0.2047,0.0003,0.0547,0.0103,0.0,0.0,0.1984,0.1,0.0984,Pedone,0.2047,Presenza potenziale: Pedone (20.5%) stimata sulla superficie semantica di appoggio.
Scena 1 (cc8c0b),1,9d9bf11fb0e144c8b446d54a8a00184f,3,61.286,19.65,0.0184,0.2632,0.0042,0.1132,0.0142,0.0,0.0,0.1789,0.1,0.0789,Pedone,0.2632,Presenza potenziale: Pedone (26.3%) stimata sulla superficie semantica di appoggio.
Scena 1 (cc8c0b),1,9d9bf11fb0e144c8b446d54a8a00184f,4,107.141,19.18,0.0134,0.2257,0.0017,0.0757,0.0117,0.0,0.0,0.1914,0.1,0.0914,Pedone,0.2257,Presenza potenziale: Pedone (22.6%) stimata sulla superficie semantica di appoggio.
Scena 1 (cc8c0b),1,9d9bf11fb0e144c8b446d54a8a00184f,5,127.342,20.18,0.0137,0.2279,0.0019,0.0779,0.0119,0.0,0.0,0.1907,0.1,0.0907,Pedone,0.2279,Presenza potenziale: Pedone (22.8%) stimata sulla superficie semantica di appoggio.
Scena 1 (cc8c0b),1,9d9bf11fb0e144c8b446d54a8a00184f,6,29.552,22.11,0.0155,0.2414,0.0028,0.0914,0.0128,0.0,0.0,0.1862,0.1,0.0862,Pedone,0.2414,Presenza potenziale: Pedone (24.1%) stimata sulla superficie semantica di appoggio.
Scena 1 (cc8c0b),1,9d9bf11fb0e144c8b446d54a8a00184f,7,85.914,24.6,0.0165,0.2486,0.0032,0.0986,0.0132,0.0,0.0,0.1838,0.1,0.0838,Pedone,0.2486,Presenza potenziale: Pedone (24.9%) stimata sulla superficie semantica di appoggio.
Scena 1 (cc8c0b),1,9d9bf11fb0e144c8b446d54a8a00184f,8,85.197,26.38,0.0155,0.2413,0.0028,0.0913,0.0128,0.0,0.0,0.1862,0.1,0.0862,Pedone,0.2413,Presenza potenziale: Pedone (24.1%) stimata sulla superficie semantica di appoggio.
Scena 1 (cc8c0b),1,9d9bf11fb0e144c8b446d54a8a00184f,9,25.172,34.25,0.0174,0.2552,0.0037,0.1052,0.0137,0.0,0.0,0.1816,0.1,0.0816,Pedone,0.2552,Presenza potenziale: Pedone (25.5%) stimata sulla superficie semantica di appoggio.
Scena 1 (cc8c0b),1,9d9bf11fb0e144c8b446d54a8a00184f,10,5.284,39.01,0.15,0.15,0.04,0.15,0.1,0.016,0.005,0.01,0.05,0.03,Auto,0.15,Area probabilmente libera o con ostacoli minori (Auto al 15.0%).
Scena 1 (cc8c0b),1,9d9bf11fb0e144c8b446d54a8a00184f,11,32.836,28.69,0.0263,0.3219,0.0081,0.1719,0.0181,0.0,0.0,0.1594,0.1,0.0594,Pedone,0.3219,Presenza potenziale: Pedone (32.2%) stimata sulla superficie semantica di appoggio.
Scena 1 (cc8c0b),1,9d9bf11fb0e144c8b446d54a8a00184f,12,55.552,16.22,0.016,0.2453,0.003,0.0953,0.013,0.0,0.0,0.1849,0.1,0.0849,Pedone,0.2453,Presenza potenziale: Pedone (24.5%) stimata sulla superficie semantica di appoggio.
Scena 1 (cc8c0b),1,9d9bf11fb0e144c8b446d54a8a00184f,13,80.706,24.92,0.0285,0.2518,0.0069,0.1137,0.0208,0.0013,0.0004,0.1664,0.096,0.0759,Pedone,0.2518,Presenza potenziale: Pedone (25.2%) stimata sulla superficie semantica di appoggio.
Scena 1 (cc8c0b),1,9d9bf11fb0e144c8b446d54a8a00184f,14,36.13,29.71,0.0401,0.1989,0.0089,0.0799,0.0292,0.0033,0.001,0.1577,0.0897,0.0825,Pedone,0.1989,Area probabilmente libera o con ostacoli minori (Pedone al 19.9%).
Scena 1 (cc8c0b),1,9d9bf11fb0e144c8b446d54a8a00184f,15,55.927,14.19,0.0169,0.2521,0.0035,0.1021,0.0135,0.0,0.0,0.1826,0.1,0.0826,Pedone,0.2521,Presenza potenziale: Pedone (25.2%) stimata sulla superficie semantica di appoggio.
Scena 1 (cc8c0b),1,9d9bf11fb0e144c8b446d54a8a00184f,16,83.208,14.3,0.0163,0.2475,0.0032,0.0975,0.0132,0.0,0.0,0.1842,0.1,0.0842,Pedone,0.2475,Presenza potenziale: Pedone (24.8%) stimata sulla superficie semantica di appoggio.
Scena 1 (cc8c0b),1,9d9bf11fb0e144c8b446d54a8a00184f,17,160.873,12.1,0.0282,0.2037,0.0064,0.0643,0.0159,0.0038,0.0015,0.186,0.0971,0.0937,Pedone,0.2037,Presenza potenziale: Pedone (20.4%) stimata sulla superficie semantica di appoggio.
Scena 1 (cc8c0b),1,9d9bf11fb0e144c8b446d54a8a00184f,18,233.917,12.13,0.0804,0.2123,0.0476,0.1096,0.0328,0.0181,0.0113,0.1448,0.0887,0.0764,Pedone,0.2123,Presenza potenziale: Pedone (21.2%) stimata sulla superficie semantica di appoggio.
Scena 1 (cc8c0b),1,9d9bf11fb0e144c8b446d54a8a00184f,19,19.562,7.9,0.0828,0.174,0.0208,0.102,0.0568,0.0083,0.0026,0.1012,0.074,0.0636,Pedone,0.174,Area probabilmente libera o con ostacoli minori (Pedone al 17.4%).
Scena 1 (cc8c0b),1,9d9bf11fb0e144c8b446d54a8a00184f,20,5.36,17.78,0.019,0.2683,0.0047,0.1205,0.0158,0.0,0.0,0.1712,0.0985,0.0741,Pedone,0.2683,Presenza potenziale: Pedone (26.8%) stimata sulla superficie semantica di appoggio.
Scena 1 (cc8c0b),1,9d9bf11fb0e144c8b446d54a8a00184f,21,12.562,38.62,0.01,0.2,0.0,0.05,0.01,0.0,0.0,0.2,0.1,0.1,Pedone,0.2,Presenza potenziale: Pedone (20.0%) stimata sulla superficie semantica di appoggio.
Scena 1 (cc8c0b),1,9d9bf11fb0e144c8b446d54a8a00184f,22,16.302,39.2,0.01,0.2,0.0,0.05,0.01,0.0,0.0,0.2,0.1,0.1,Pedone,0.2,Presenza potenziale: Pedone (20.0%) stimata sulla superficie semantica di appoggio.
Scena 1 (cc8c0b),1,9d9bf11fb0e144c8b446d54a8a00184f,24,70.71,36.8,0.01,0.2,0.0,0.05,0.01,0.0,0.0,0.2,0.1,0.1,Pedone,0.2,Presenza potenziale: Pedone (20.0%) stimata sulla superficie semantica di appoggio.
Scena 1 (cc8c0b),1,9d9bf11fb0e144c8b446d54a8a00184f,25,9.248,33.82,0.01,0.2,0.0,0.05,0.01,0.0,0.0,0.2,0.1,0.1,Pedone,0.2,Presenza potenziale: Pedone (20.0%) stimata sulla superficie semantica di appoggio.
Scena 1 (cc8c0b),1,9d9bf11fb0e144c8b446d54a8a00184f,26,77.965,42.36,0.01,0.2,0.0,0.05,0.01,0.0,0.0,0.2,0.1,0.1,Pedone,0.2,Presenza potenziale: Pedone (20.0%) stimata sulla superficie semantica di appoggio.
Scena 1 (cc8c0b),1,9d9bf11fb0e144c8b446d54a8a00184f,27,10.954,30.75,0.01,0.2,0.0,0.05,0.01,0.0,0.0,0.2,0.1,0.1,Pedone,0.2,Presenza potenziale: Pedone (20.0%) stimata sulla superficie semantica di appoggio.
Scena 1 (cc8c0b),1,9d9bf11fb0e144c8b446d54a8a00184f,28,64.663,32.18,0.01,0.2,0.0,0.05,0.01,0.0,0.0,0.2,0.1,0.1,Pedone,0.2,Presenza potenziale: Pedone (20.0%) stimata sulla superficie semantica di appoggio.
Scena 1 (cc8c0b),1,9d9bf11fb0e144c8b446d54a8a00184f,29,39.13,38.07,0.01,0.2,0.0,0.05,0.01,0.0,0.0,0.2,0.1,0.1,Pedone,0.2,Presenza potenziale: Pedone (20.0%) stimata sulla superficie semantica di appoggio.
Scena 1 (cc8c0b),1,9d9bf11fb0e144c8b446d54a8a00184f,30,47.987,42.67,0.01,0.2,0.0,0.05,0.01,0.0,0.0,0.2,0.1,0.1,Pedone,0.2,Presenza potenziale: Pedone (20.0%) stimata sulla superficie semantica di appoggio.
Scena 1 (cc8c0b),1,9d9bf11fb0e144c8b446d54a8a00184f,31,27.208,41.93,0.01,0.2,0.0,0.05,0.01,0.0,0.0,0.2,0.1,0.1,Pedone,0.2,Presenza potenziale: Pedone (20.0%) stimata sulla superficie semantica di appoggio.
Scena 1 (cc8c0b),1,9d9bf11fb0e144c8b446d54a8a00184f,32,30.403,31.76,0.01,0.2,0.0,0.05,0.01,0.0,0.0,0.2,0.1,0.1,Pedone,0.2,Presenza potenziale: Pedone (20.0%) stimata sulla superficie semantica di appoggio.
Scena 1 (cc8c0b),1,9d9bf11fb0e144c8b446d54a8a00184f,33,57.611,46.61,0.01,0.2,0.0,0.05,0.01,0.0,0.0,0.2,0.1,0.1,Pedone,0.2,Presenza potenziale: Pedone (20.0%) stimata sulla superficie semantica di appoggio.
Scena 1 (cc8c0b),1,9d9bf11fb0e144c8b446d54a8a00184f,34,14.99,49.99,0.01,0.2,0.0,0.05,0.01,0.0,0.0,0.2,0.1,0.1,Pedone,0.2,Presenza potenziale: Pedone (20.0%) stimata sulla superficie semantica di appoggio.
Scena 1 (cc8c0b),1,9d9bf11fb0e144c8b446d54a8a00184f,35,32.556,40.14,0.01,0.2,0.0,0.05,0.01,0.0,0.0,0.2,0.1,0.1,Pedone,0.2,Presenza potenziale: Pedone (20.0%) stimata sulla superficie semantica di appoggio.
Scena 1 (cc8c0b),1,9d9bf11fb0e144c8b446d54a8a00184f,36,4.462,41.73,0.01,0.2,0.0,0.05,0.01,0.0,0.0,0.2,0.1,0.1,Pedone,0.2,Presenza potenziale: Pedone (20.0%) stimata sulla superficie semantica di appoggio.
Scena 1 (cc8c0b),1,9d9bf11fb0e144c8b446d54a8a00184f,37,11.571,40.96,0.01,0.2,0.0,0.05,0.01,0.0,0.0,0.2,0.1,0.1,Pedone,0.2,Presenza potenziale: Pedone (20.0%) stimata sulla superficie semantica di appoggio.
Scena 1 (cc8c0b),1,9d9bf11fb0e144c8b446d54a8a00184f,38,0.942,43.42,0.01,0.2,0.0,0.05,0.01,0.0,0.0,0.2,0.1,0.1,Pedone,0.2,Presenza potenziale: Pedone (20.0%) stimata sulla superficie semantica di appoggio.
Scena 1 (cc8c0b),1,9d9bf11fb0e144c8b446d54a8a00184f,39,137.214,21.58,0.0153,0.2387,0.0026,0.0909,0.0139,0.0,0.0,0.1841,0.0993,0.0856,Pedone,0.2387,Presenza potenziale: Pedone (23.9%) stimata sulla superficie semantica di appoggio.
Scena 1 (cc8c0b),1,9d9bf11fb0e144c8b446d54a8a00184f,40,9.24,21.77,0.015,0.2376,0.0025,0.0876,0.0125,0.0,0.0,0.1875,0.1,0.0875,Pedone,0.2376,Presenza potenziale: Pedone (23.8%) stimata sulla superficie semantica di appoggio.
Scena 1 (cc8c0b),1,9d9bf11fb0e144c8b446d54a8a00184f,41,0.925,28.77,0.01,0.2,0.0,0.05,0.01,0.0,0.0,0.2,0.1,0.1,Pedone,0.2,Presenza potenziale: Pedone (20.0%) stimata sulla superficie semantica di appoggio.
Scena 1 (cc8c0b),1,9d9bf11fb0e144c8b446d54a8a00184f,42,2.607,41.11,0.01,0.2,0.0,0.05,0.01,0.0,0.0,0.2,0.1,0.1,Pedone,0.2,Presenza potenziale: Pedone (20.0%) stimata sulla superficie semantica di appoggio.
Scena 1 (cc8c0b),1,9d9bf11fb0e144c8b446d54a8a00184f,43,20.86,13.77,0.0142,0.1575,0.0,0.135,0.0865,0.0,0.0,0.0386,0.0575,0.0278,Pedone,0.1575,Area probabilmente libera o con ostacoli minori (Pedone al 15.8%).
Scena 1 (cc8c0b),1,9d9bf11fb0e144c8b446d54a8a00184f,44,1.391,41.17,0.01,0.2,0.0,0.05,0.01,0.0,0.0,0.2,0.1,0.1,Pedone,0.2,Presenza potenziale: Pedone (20.0%) stimata sulla superficie semantica di appoggio.
Scena 1 (cc8c0b),1,9d9bf11fb0e144c8b446d54a8a00184f,45,33.291,15.73,0.0134,0.1657,0.0,0.1187,0.0718,0.0,0.0,0.0695,0.0657,0.0416,Pedone,0.1657,Area probabilmente libera o con ostacoli minori (Pedone al 16.6%).
Scena 1 (cc8c0b),1,9d9bf11fb0e144c8b446d54a8a00184f,46,0.864,40.48,0.0,0.15,0.0,0.075,0.05,0.0,0.0,0.01,0.05,0.01,Pedone,0.15,Area probabilmente libera o con ostacoli minori (Pedone al 15.0%).
Scena 1 (cc8c0b),1,9d9bf11fb0e144c8b446d54a8a00184f,47,1.613,42.96,0.01,0.2,0.0,0.05,0.01,0.0,0.0,0.2,0.1,0.1,Pedone,0.2,Presenza potenziale: Pedone (20.0%) stimata sulla superficie semantica di appoggio.
Scena 1 (cc8c0b),1,9d9bf11fb0e144c8b446d54a8a00184f,48,8.791,46.99,0.01,0.2,0.0,0.05,0.01,0.0,0.0,0.2,0.1,0.1,Pedone,0.2,Presenza potenziale: Pedone (20.0%) stimata sulla superficie semantica di appoggio.
Scena 1 (cc8c0b),1,9d9bf11fb0e144c8b446d54a8a00184f,49,9.202,32.8,0.01,0.2,0.0,0.05,0.01,0.0,0.0,0.2,0.1,0.1,Pedone,0.2,Presenza potenziale: Pedone (20.0%) stimata sulla superficie semantica di appoggio.
Scena 1 (cc8c0b),1,9d9bf11fb0e144c8b446d54a8a00184f,50,1.614,38.08,0.0,0.15,0.0,0.075,0.05,0.0,0.0,0.01,0.05,0.01,Pedone,0.15,Area probabilmente libera o con ostacoli minori (Pedone al 15.0%).
Scena 1 (cc8c0b),2,4f792c8da81e4cb7aca1790654da1c27,0,32.722,45.45,0.0101,0.2006,0.0,0.0506,0.01,0.0,0.0,0.1998,0.1,0.0998,Pedone,0.2006,Presenza potenziale: Pedone (20.1%) stimata sulla superficie semantica di appoggio.
Scena 1 (cc8c0b),2,4f792c8da81e4cb7aca1790654da1c27,1,29.44,43.01,0.0156,0.2418,0.0028,0.0918,0.0128,0.0,0.0,0.1861,0.1,0.0861,Pedone,0.2418,Presenza potenziale: Pedone (24.2%) stimata sulla superficie semantica di appoggio.
Scena 1 (cc8c0b),2,4f792c8da81e4cb7aca1790654da1c27,2,83.927,25.47,0.0159,0.2444,0.003,0.0944,0.013,0.0,0.0,0.1852,0.1,0.0852,Pedone,0.2444,Presenza potenziale: Pedone (24.4%) stimata sulla superficie semantica di appoggio.
Scena 1 (cc8c0b),2,4f792c8da81e4cb7aca1790654da1c27,3,134.65,19.46,0.0116,0.2117,0.0008,0.0617,0.0108,0.0,0.0,0.1961,0.1,0.0961,Pedone,0.2117,Presenza potenziale: Pedone (21.2%) stimata sulla superficie semantica di appoggio.
Scena 1 (cc8c0b),2,4f792c8da81e4cb7aca1790654da1c27,4,57.409,18.57,0.0175,0.2562,0.0037,0.1062,0.0137,0.0,0.0,0.1813,0.1,0.0813,Pedone,0.2562,Presenza potenziale: Pedone (25.6%) stimata sulla superficie semantica di appoggio.
Scena 1 (cc8c0b),2,4f792c8da81e4cb7aca1790654da1c27,5,104.626,18.24,0.0157,0.2425,0.0028,0.0925,0.0128,0.0,0.0,0.1858,0.1,0.0858,Pedone,0.2425,Presenza potenziale: Pedone (24.2%) stimata sulla superficie semantica di appoggio.
Scena 1 (cc8c0b),2,4f792c8da81e4cb7aca1790654da1c27,6,111.538,18.53,0.95,0.2256,0.0017,0.0756,0.0117,0.0,0.0,0.1915,0.1,0.0915,Auto,0.95,Forte indizio di presenza: Auto (95.0%) in base alla memoria temporale causale.
Scena 1 (cc8c0b),2,4f792c8da81e4cb7aca1790654da1c27,7,103.016,25.28,0.0135,0.2264,0.0018,0.0764,0.0118,0.0,0.0,0.1912,0.1,0.0912,Pedone,0.2264,Presenza potenziale: Pedone (22.6%) stimata sulla superficie semantica di appoggio.
Scena 1 (cc8c0b),2,4f792c8da81e4cb7aca1790654da1c27,8,44.989,19.36,0.0152,0.2388,0.0026,0.0888,0.0126,0.0,0.0,0.1871,0.1,0.0871,Pedone,0.2388,Presenza potenziale: Pedone (23.9%) stimata sulla superficie semantica di appoggio.
Scena 1 (cc8c0b),2,4f792c8da81e4cb7aca1790654da1c27,9,110.896,21.07,0.0159,0.2441,0.0029,0.0941,0.0129,0.0,0.0,0.1853,0.1,0.0853,Pedone,0.2441,Presenza potenziale: Pedone (24.4%) stimata sulla superficie semantica di appoggio.
Scena 1 (cc8c0b),2,4f792c8da81e4cb7aca1790654da1c27,10,123.786,22.74,0.0151,0.2383,0.0026,0.0883,0.0126,0.0,0.0,0.1872,0.1,0.0872,Pedone,0.2383,Presenza potenziale: Pedone (23.8%) stimata sulla superficie semantica di appoggio.
Scena 1 (cc8c0b),2,4f792c8da81e4cb7aca1790654da1c27,11,12.398,39.44,0.0133,0.2103,0.0012,0.0851,0.0261,0.0,0.0,0.1623,0.0917,0.0797,Pedone,0.2103,Presenza potenziale: Pedone (21.0%) stimata sulla superficie semantica di appoggio.
Scena 1 (cc8c0b),2,4f792c8da81e4cb7aca1790654da1c27,12,7.366,39.73,0.15,0.15,0.04,0.15,0.1,0.016,0.005,0.01,0.05,0.03,Auto,0.15,Area probabilmente libera o con ostacoli minori (Auto al 15.0%).
Scena 1 (cc8c0b),2,4f792c8da81e4cb7aca1790654da1c27,13,66.623,15.27,0.0181,0.261,0.0041,0.111,0.0141,0.0,0.0,0.1797,0.1,0.0797,Pedone,0.261,Presenza potenziale: Pedone (26.1%) stimata sulla superficie semantica di appoggio.
Scena 1 (cc8c0b),2,4f792c8da81e4cb7aca1790654da1c27,14,60.419,14.85,0.016,0.2448,0.003,0.0948,0.013,0.0,0.0,0.1851,0.1,0.0851,Pedone,0.2448,Presenza potenziale: Pedone (24.5%) stimata sulla superficie semantica di appoggio.
Scena 1 (cc8c0b),2,4f792c8da81e4cb7aca1790654da1c27,15,49.237,14.72,0.95,0.224,0.0016,0.074,0.0116,0.0,0.0,0.192,0.95,0.092,Auto,0.95,Forte indizio di presenza: Auto (95.0%) in base alla memoria temporale causale.
Scena 1 (cc8c0b),2,4f792c8da81e4cb7aca1790654da1c27,16,175.944,20.04,0.1027,0.28,0.0612,0.1865,0.0415,0.0215,0.0135,0.1123,0.0865,0.05,Pedone,0.28,Presenza potenziale: Pedone (28.0%) stimata sulla superficie semantica di appoggio.
Scena 1 (cc8c0b),2,4f792c8da81e4cb7aca1790654da1c27,17,146.707,14.58,0.034,0.2033,0.0085,0.0674,0.0177,0.005,0.002,0.1819,0.0961,0.0921,Pedone,0.2033,Presenza potenziale: Pedone (20.3%) stimata sulla superficie semantica di appoggio.
Scena 1 (cc8c0b),2,4f792c8da81e4cb7aca1790654da1c27,18,194.557,15.83,0.1062,0.2193,0.065,0.1338,0.0412,0.0246,0.0154,0.1239,0.0846,0.0669,Pedone,0.2193,Presenza potenziale: Pedone (21.9%) stimata sulla superficie semantica di appoggio.
Scena 1 (cc8c0b),2,4f792c8da81e4cb7aca1790654da1c27,19,2.984,10.85,0.015,0.15,0.0,0.15,0.1,0.0,0.0,0.01,0.05,0.015,Pedone,0.15,Area probabilmente libera o con ostacoli minori (Pedone al 15.0%).
Scena 1 (cc8c0b),2,4f792c8da81e4cb7aca1790654da1c27,20,12.546,19.48,0.0121,0.2157,0.001,0.0657,0.011,0.0,0.0,0.1948,0.1,0.0948,Pedone,0.2157,Presenza potenziale: Pedone (21.6%) stimata sulla superficie semantica di appoggio.
Scena 1 (cc8c0b),2,4f792c8da81e4cb7aca1790654da1c27,21,101.942,32.12,0.01,0.2,0.0,0.05,0.01,0.0,0.0,0.2,0.1,0.1,Pedone,0.2,Presenza potenziale: Pedone (20.0%) stimata sulla superficie semantica di appoggio.
Scena 1 (cc8c0b),2,4f792c8da81e4cb7aca1790654da1c27,22,3.343,35.57,0.01,0.2,0.0,0.05,0.01,0.0,0.0,0.2,0.1,0.1,Pedone,0.2,Presenza potenziale: Pedone (20.0%) stimata sulla superficie semantica di appoggio.
Scena 1 (cc8c0b),2,4f792c8da81e4cb7aca1790654da1c27,23,37.476,32.67,0.01,0.2,0.0,0.05,0.01,0.0,0.0,0.2,0.1,0.1,Pedone,0.2,Presenza potenziale: Pedone (20.0%) stimata sulla superficie semantica di appoggio.
Scena 1 (cc8c0b),2,4f792c8da81e4cb7aca1790654da1c27,24,0.08,34.58,0.01,0.2,0.0,0.05,0.01,0.0,0.0,0.2,0.1,0.1,Pedone,0.2,Presenza potenziale: Pedone (20.0%) stimata sulla superficie semantica di appoggio.
Scena 1 (cc8c0b),2,4f792c8da81e4cb7aca1790654da1c27,25,53.712,29.43,0.01,0.2,0.0,0.05,0.01,0.0,0.0,0.2,0.1,0.1,Pedone,0.2,Presenza potenziale: Pedone (20.0%) stimata sulla superficie semantica di appoggio.
Scena 1 (cc8c0b),2,4f792c8da81e4cb7aca1790654da1c27,26,23.045,46.6,0.01,0.2,0.0,0.05,0.01,0.0,0.0,0.2,0.1,0.1,Pedone,0.2,Presenza potenziale: Pedone (20.0%) stimata sulla superficie semantica di appoggio.
Scena 1 (cc8c0b),2,4f792c8da81e4cb7aca1790654da1c27,27,10.423,35.51,0.01,0.2,0.0,0.05,0.01,0.0,0.0,0.2,0.1,0.1,Pedone,0.2,Presenza potenziale: Pedone (20.0%) stimata sulla superficie semantica di appoggio.
Scena 1 (cc8c0b),2,4f792c8da81e4cb7aca1790654da1c27,28,27.049,31.8,0.01,0.2,0.0,0.05,0.01,0.0,0.0,0.2,0.1,0.1,Pedone,0.2,Presenza potenziale: Pedone (20.0%) stimata sulla superficie semantica di appoggio.
Scena 1 (cc8c0b),2,4f792c8da81e4cb7aca1790654da1c27,29,24.279,32.1,0.01,0.2,0.0,0.05,0.01,0.0,0.0,0.2,0.1,0.1,Pedone,0.2,Presenza potenziale: Pedone (20.0%) stimata sulla superficie semantica di appoggio.
Scena 1 (cc8c0b),2,4f792c8da81e4cb7aca1790654da1c27,30,14.932,35.69,0.01,0.95,0.0,0.05,0.01,0.0,0.0,0.2,0.1,0.1,Pedone,0.95,Forte indizio di presenza: Pedone (95.0%) in base alla memoria temporale causale.
Scena 1 (cc8c0b),2,4f792c8da81e4cb7aca1790654da1c27,31,56.552,40.03,0.01,0.2,0.0,0.05,0.01,0.0,0.0,0.2,0.1,0.1,Pedone,0.2,Presenza potenziale: Pedone (20.0%) stimata sulla superficie semantica di appoggio.
Scena 1 (cc8c0b),2,4f792c8da81e4cb7aca1790654da1c27,32,50.412,44.03,0.01,0.2,0.0,0.05,0.01,0.0,0.0,0.2,0.1,0.1,Pedone,0.2,Presenza potenziale: Pedone (20.0%) stimata sulla superficie semantica di appoggio.
Scena 1 (cc8c0b),2,4f792c8da81e4cb7aca1790654da1c27,33,32.189,46.79,0.01,0.2,0.0,0.05,0.01,0.0,0.0,0.2,0.1,0.1,Pedone,0.2,Presenza potenziale: Pedone (20.0%) stimata sulla superficie semantica di appoggio.
Scena 1 (cc8c0b),2,4f792c8da81e4cb7aca1790654da1c27,34,36.403,42.62,0.01,0.2,0.0,0.05,0.01,0.0,0.0,0.2,0.1,0.1,Pedone,0.2,Presenza potenziale: Pedone (20.0%) stimata sulla superficie semantica di appoggio.
Scena 1 (cc8c0b),2,4f792c8da81e4cb7aca1790654da1c27,35,9.279,38.44,0.01,0.2,0.0,0.05,0.01,0.0,0.0,0.2,0.1,0.1,Pedone,0.2,Presenza potenziale: Pedone (20.0%) stimata sulla superficie semantica di appoggio.
Scena 1 (cc8c0b),2,4f792c8da81e4cb7aca1790654da1c27,36,20.712,36.99,0.01,0.2,0.0,0.05,0.01,0.0,0.0,0.2,0.1,0.1,Pedone,0.2,Presenza potenziale: Pedone (20.0%) stimata sulla superficie semantica di appoggio.
Scena 1 (cc8c0b),2,4f792c8da81e4cb7aca1790654da1c27,37,5.685,39.96,0.01,0.2,0.0,0.05,0.01,0.0,0.0,0.2,0.1,0.1,Pedone,0.2,Presenza potenziale: Pedone (20.0%) stimata sulla superficie semantica di appoggio.
Scena 1 (cc8c0b),2,4f792c8da81e4cb7aca1790654da1c27,38,52.972,30.11,0.0242,0.3067,0.0071,0.1567,0.0171,0.0,0.0,0.1644,0.1,0.0644,Pedone,0.3067,Presenza potenziale: Pedone (30.7%) stimata sulla superficie semantica di appoggio.
Scena 1 (cc8c0b),2,4f792c8da81e4cb7aca1790654da1c27,39,3.435,19.39,0.0,0.15,0.0,0.075,0.05,0.0,0.0,0.01,0.05,0.01,Pedone,0.15,Area probabilmente libera o con ostacoli minori (Pedone al 15.0%).
Scena 1 (cc8c0b),2,4f792c8da81e4cb7aca1790654da1c27,40,22.584,31.94,0.0103,0.2024,0.0002,0.0524,0.0102,0.0,0.0,0.1992,0.1,0.0992,Pedone,0.2024,Presenza potenziale: Pedone (20.2%) stimata sulla superficie semantica di appoggio.
Scena 1 (cc8c0b),2,4f792c8da81e4cb7aca1790654da1c27,41,3.903,42.56,0.01,0.2,0.0,0.05,0.01,0.0,0.0,0.2,0.1,0.1,Pedone,0.2,Presenza potenziale: Pedone (20.0%) stimata sulla superficie semantica di appoggio.
Scena 1 (cc8c0b),2,4f792c8da81e4cb7aca1790654da1c27,42,21.739,9.59,0.0133,0.167,0.0,0.1159,0.0693,0.0,0.0,0.0748,0.067,0.044,Pedone,0.167,Area probabilmente libera o con ostacoli minori (Pedone al 16.7%).
Scena 1 (cc8c0b),2,4f792c8da81e4cb7aca1790654da1c27,43,0.924,43.57,0.01,0.2,0.0,0.05,0.01,0.0,0.0,0.2,0.1,0.1,Pedone,0.2,Presenza potenziale: Pedone (20.0%) stimata sulla superficie semantica di appoggio.
Scena 1 (cc8c0b),2,4f792c8da81e4cb7aca1790654da1c27,44,24.83,20.11,0.015,0.15,0.0,0.15,0.1,0.0,0.0,0.01,0.05,0.015,Pedone,0.15,Area probabilmente libera o con ostacoli minori (Pedone al 15.0%).
Scena 1 (cc8c0b),2,4f792c8da81e4cb7aca1790654da1c27,45,1.459,43.8,0.01,0.2,0.0,0.05,0.01,0.0,0.0,0.2,0.1,0.1,Pedone,0.2,Presenza potenziale: Pedone (20.0%) stimata sulla superficie semantica di appoggio.
Scena 1 (cc8c0b),2,4f792c8da81e4cb7aca1790654da1c27,46,4.358,39.59,0.01,0.2,0.0,0.05,0.01,0.0,0.0,0.2,0.1,0.1,Pedone,0.2,Presenza potenziale: Pedone (20.0%) stimata sulla superficie semantica di appoggio.
Scena 1 (cc8c0b),2,4f792c8da81e4cb7aca1790654da1c27,47,8.753,18.37,0.0054,0.1768,0.0,0.0616,0.0286,0.0,0.0,0.1117,0.0768,0.0582,Pedone,0.1768,Area probabilmente libera o con ostacoli minori (Pedone al 17.7%).
Scena 1 (cc8c0b),2,4f792c8da81e4cb7aca1790654da1c27,48,6.245,50.29,0.01,0.2,0.0,0.05,0.01,0.0,0.0,0.2,0.1,0.1,Pedone,0.2,Presenza potenziale: Pedone (20.0%) stimata sulla superficie semantica di appoggio.
Scena 1 (cc8c0b),2,4f792c8da81e4cb7aca1790654da1c27,49,8.279,35.23,0.01,0.2,0.0,0.05,0.01,0.0,0.0,0.2,0.1,0.1,Pedone,0.2,Presenza potenziale: Pedone (20.0%) stimata sulla superficie semantica di appoggio.
Scena 1 (cc8c0b),2,4f792c8da81e4cb7aca1790654da1c27,50,3.042,36.18,0.0003,0.1515,0.0,0.0742,0.0488,0.0,0.0,0.0158,0.0515,0.0128,Pedone,0.1515,Area probabilmente libera o con ostacoli minori (Pedone al 15.2%).
Scena 1 (cc8c0b),3,28aaabeb212146a28a511858c09cf20c,0,39.986,37.61,0.0136,0.2273,0.0018,0.0773,0.0118,0.0,0.0,0.1909,0.1,0.0909,Pedone,0.2273,Presenza potenziale: Pedone (22.7%) stimata sulla superficie semantica di appoggio.
Scena 1 (cc8c0b),3,28aaabeb212146a28a511858c09cf20c,1,50.556,20.63,0.0182,0.2614,0.0041,0.1114,0.0141,0.0,0.0,0.1795,0.1,0.0795,Pedone,0.2614,Presenza potenziale: Pedone (26.1%) stimata sulla superficie semantica di appoggio.
Scena 1 (cc8c0b),3,28aaabeb212146a28a511858c09cf20c,2,118.686,18.95,0.0163,0.2472,0.0031,0.0972,0.0131,0.0,0.0,0.1843,0.1,0.0843,Pedone,0.2472,Presenza potenziale: Pedone (24.7%) stimata sulla superficie semantica di appoggio.
Scena 1 (cc8c0b),3,28aaabeb212146a28a511858c09cf20c,3,104.8,18.22,0.0143,0.95,0.0022,0.0823,0.0122,0.0,0.0,0.1892,0.1,0.0892,Pedone,0.95,Forte indizio di presenza: Pedone (95.0%) in base alla memoria temporale causale.
Scena 1 (cc8c0b),3,28aaabeb212146a28a511858c09cf20c,4,61.263,17.94,0.0133,0.2248,0.0017,0.0748,0.0117,0.0,0.0,0.1917,0.1,0.0917,Pedone,0.2248,Presenza potenziale: Pedone (22.5%) stimata sulla superficie semantica di appoggio.
Scena 1 (cc8c0b),3,28aaabeb212146a28a511858c09cf20c,5,91.385,25.34,0.0161,0.2455,0.003,0.0955,0.013,0.0,0.0,0.1848,0.1,0.0848,Pedone,0.2455,Presenza potenziale: Pedone (24.6%) stimata sulla superficie semantica di appoggio.
Scena 1 (cc8c0b),3,28aaabeb212146a28a511858c09cf20c,6,2.008,27.49,0.0125,0.2186,0.0012,0.0686,0.0112,0.0,0.0,0.1938,0.1,0.0938,Pedone,0.2186,Presenza potenziale: Pedone (21.9%) stimata sulla superficie semantica di appoggio.
Scena 1 (cc8c0b),3,28aaabeb212146a28a511858c09cf20c,7,91.415,17.43,0.0174,0.2552,0.0037,0.1052,0.0137,0.0,0.0,0.1816,0.1,0.0816,Pedone,0.2552,Presenza potenziale: Pedone (25.5%) stimata sulla superficie semantica di appoggio.
Scena 1 (cc8c0b),3,28aaabeb212146a28a511858c09cf20c,8,70.326,15.89,0.0178,0.2586,0.0039,0.1086,0.0139,0.0,0.0,0.1805,0.1,0.0805,Pedone,0.2586,Presenza potenziale: Pedone (25.9%) stimata sulla superficie semantica di appoggio.
Scena 1 (cc8c0b),3,28aaabeb212146a28a511858c09cf20c,9,178.055,13.97,0.95,0.95,0.0018,0.0782,0.0126,0.0,0.0,0.1892,0.95,0.0901,Auto,0.95,Forte indizio di presenza: Auto (95.0%) in base alla memoria temporale causale.
Scena 1 (cc8c0b),3,28aaabeb212146a28a511858c09cf20c,10,94.474,17.72,0.052,0.3134,0.0155,0.1908,0.0346,0.0029,0.0009,0.1244,0.0908,0.0463,Pedone,0.3134,Presenza potenziale: Pedone (31.3%) stimata sulla superficie semantica di appoggio.
Scena 1 (cc8c0b),3,28aaabeb212146a28a511858c09cf20c,11,128.944,21.59,0.0558,0.2335,0.0167,0.1082,0.0253,0.0088,0.0034,0.1591,0.0931,0.0769,Pedone,0.2335,Presenza potenziale: Pedone (23.4%) stimata sulla superficie semantica di appoggio.
Scena 1 (cc8c0b),3,28aaabeb212146a28a511858c09cf20c,12,119.119,16.13,0.0204,0.2353,0.004,0.0911,0.0159,0.0006,0.0002,0.1803,0.0981,0.0849,Pedone,0.2353,Presenza potenziale: Pedone (23.5%) stimata sulla superficie semantica di appoggio.
Scena 1 (cc8c0b),3,28aaabeb212146a28a511858c09cf20c,13,78.328,18.09,0.0122,0.2095,0.0009,0.0711,0.0179,0.0,0.0,0.1808,0.0961,0.0889,Pedone,0.2095,Presenza potenziale: Pedone (20.9%) stimata sulla superficie semantica di appoggio.
Scena 1 (cc8c0b),3,28aaabeb212146a28a511858c09cf20c,14,143.966,20.13,0.1683,0.18,0.1082,0.141,0.0601,0.0423,0.0264,0.0869,0.0736,0.0609,Pedone,0.18,Area probabilmente libera o con ostacoli minori (Pedone al 18.0%).
Scena 1 (cc8c0b),3,28aaabeb212146a28a511858c09cf20c,15,12.896,24.91,0.0017,0.1583,0.0,0.0708,0.0433,0.0,0.0,0.0417,0.0583,0.025,Pedone,0.1583,Area probabilmente libera o con ostacoli minori (Pedone al 15.8%).
Scena 1 (cc8c0b),3,28aaabeb212146a28a511858c09cf20c,16,6.894,28.42,0.0009,0.1545,0.0,0.0728,0.0464,0.0,0.0,0.027,0.0545,0.018,Pedone,0.1545,Area probabilmente libera o con ostacoli minori (Pedone al 15.4%).
Scena 1 (cc8c0b),3,28aaabeb212146a28a511858c09cf20c,17,13.971,33.33,0.1061,0.1657,0.0274,0.1186,0.0718,0.011,0.0034,0.0696,0.0657,0.052,Pedone,0.1657,Area probabilmente libera o con ostacoli minori (Pedone al 16.6%).
Scena 1 (cc8c0b),3,28aaabeb212146a28a511858c09cf20c,18,14.592,36.66,0.3,0.09,0.2,0.15,0.1,0.08,0.05,0.01,0.05,0.05,Auto,0.3,Presenza potenziale: Auto (30.0%) stimata sulla superficie semantica di appoggio.
Scena 1 (cc8c0b),3,28aaabeb212146a28a511858c09cf20c,19,1.269,30.91,0.0,0.15,0.0,0.075,0.05,0.0,0.0,0.01,0.05,0.01,Pedone,0.15,Area probabilmente libera o con ostacoli minori (Pedone al 15.0%).
Scena 1 (cc8c0b),3,28aaabeb212146a28a511858c09cf20c,20,63.229,32.9,0.0112,0.2093,0.0006,0.0593,0.0106,0.0,0.0,0.1969,0.1,0.0969,Pedone,0.2093,Presenza potenziale: Pedone (20.9%) stimata sulla superficie semantica di appoggio.
Scena 1 (cc8c0b),3,28aaabeb212146a28a511858c09cf20c,21,16.877,32.17,0.01,0.2,0.0,0.05,0.01,0.0,0.0,0.2,0.1,0.1,Pedone,0.2,Presenza potenziale: Pedone (20.0%) stimata sulla superficie semantica di appoggio.
Scena 1 (cc8c0b),3,28aaabeb212146a28a511858c09cf20c,22,6.203,18.34,0.01,0.2,0.0,0.05,0.01,0.0,0.0,0.2,0.1,0.1,Pedone,0.2,Presenza potenziale: Pedone (20.0%) stimata sulla superficie semantica di appoggio.
Scena 1 (cc8c0b),3,28aaabeb212146a28a511858c09cf20c,23,28.361,35.17,0.01,0.2,0.0,0.05,0.01,0.0,0.0,0.2,0.1,0.1,Pedone,0.2,Presenza potenziale: Pedone (20.0%) stimata sulla superficie semantica di appoggio.
Scena 1 (cc8c0b),3,28aaabeb212146a28a511858c09cf20c,24,13.379,34.84,0.01,0.2,0.0,0.05,0.01,0.0,0.0,0.2,0.1,0.1,Pedone,0.2,Presenza potenziale: Pedone (20.0%) stimata sulla superficie semantica di appoggio.
Scena 1 (cc8c0b),3,28aaabeb212146a28a511858c09cf20c,25,52.215,38.29,0.01,0.2,0.0,0.05,0.01,0.0,0.0,0.2,0.1,0.1,Pedone,0.2,Presenza potenziale: Pedone (20.0%) stimata sulla superficie semantica di appoggio.
Scena 1 (cc8c0b),3,28aaabeb212146a28a511858c09cf20c,26,16.912,27.93,0.01,0.2,0.0,0.05,0.01,0.0,0.0,0.2,0.1,0.1,Pedone,0.2,Presenza potenziale: Pedone (20.0%) stimata sulla superficie semantica di appoggio.
Scena 1 (cc8c0b),3,28aaabeb212146a28a511858c09cf20c,27,42.959,28.69,0.01,0.2,0.0,0.05,0.01,0.0,0.0,0.2,0.1,0.1,Pedone,0.2,Presenza potenziale: Pedone (20.0%) stimata sulla superficie semantica di appoggio.
Scena 1 (cc8c0b),3,28aaabeb212146a28a511858c09cf20c,28,0.076,49.97,0.01,0.2,0.0,0.05,0.01,0.0,0.0,0.2,0.1,0.1,Pedone,0.2,Presenza potenziale: Pedone (20.0%) stimata sulla superficie semantica di appoggio.
Scena 1 (cc8c0b),3,28aaabeb212146a28a511858c09cf20c,29,6.723,32.84,0.01,0.2,0.0,0.05,0.01,0.0,0.0,0.2,0.1,0.1,Pedone,0.2,Presenza potenziale: Pedone (20.0%) stimata sulla superficie semantica di appoggio.
Scena 1 (cc8c0b),3,28aaabeb212146a28a511858c09cf20c,30,26.571,31.82,0.01,0.2,0.0,0.05,0.01,0.0,0.0,0.2,0.1,0.1,Pedone,0.2,Presenza potenziale: Pedone (20.0%) stimata sulla superficie semantica di appoggio.
Scena 1 (cc8c0b),3,28aaabeb212146a28a511858c09cf20c,31,20.655,31.92,0.01,0.2,0.0,0.05,0.01,0.0,0.0,0.2,0.1,0.1,Pedone,0.2,Presenza potenziale: Pedone (20.0%) stimata sulla superficie semantica di appoggio.
Scena 1 (cc8c0b),3,28aaabeb212146a28a511858c09cf20c,32,19.505,33.81,0.01,0.2,0.0,0.05,0.01,0.0,0.0,0.2,0.1,0.1,Pedone,0.2,Presenza potenziale: Pedone (20.0%) stimata sulla superficie semantica di appoggio.
Scena 1 (cc8c0b),3,28aaabeb212146a28a511858c09cf20c,33,24.241,45.49,0.01,0.2,0.0,0.05,0.01,0.0,0.0,0.2,0.1,0.1,Pedone,0.2,Presenza potenziale: Pedone (20.0%) stimata sulla superficie semantica di appoggio.
Scena 1 (cc8c0b),3,28aaabeb212146a28a511858c09cf20c,34,13.207,45.67,0.01,0.2,0.0,0.05,0.01,0.0,0.0,0.2,0.1,0.1,Pedone,0.2,Presenza potenziale: Pedone (20.0%) stimata sulla superficie semantica di appoggio.
Scena 1 (cc8c0b),3,28aaabeb212146a28a511858c09cf20c,35,17.876,35.05,0.01,0.2,0.0,0.05,0.01,0.0,0.0,0.2,0.1,0.1,Pedone,0.2,Presenza potenziale: Pedone (20.0%) stimata sulla superficie semantica di appoggio.
Scena 1 (cc8c0b),3,28aaabeb212146a28a511858c09cf20c,36,26.018,33.18,0.01,0.2,0.0,0.05,0.01,0.0,0.0,0.2,0.1,0.1,Pedone,0.2,Presenza potenziale: Pedone (20.0%) stimata sulla superficie semantica di appoggio.
Scena 1 (cc8c0b),3,28aaabeb212146a28a511858c09cf20c,37,12.358,36.44,0.01,0.2,0.0,0.05,0.01,0.0,0.0,0.2,0.1,0.1,Pedone,0.2,Presenza potenziale: Pedone (20.0%) stimata sulla superficie semantica di appoggio.
Scena 1 (cc8c0b),3,28aaabeb212146a28a511858c09cf20c,38,9.253,39.63,0.0271,0.3282,0.0085,0.1782,0.0185,0.0,0.0,0.1573,0.1,0.0573,Pedone,0.3282,Presenza potenziale: Pedone (32.8%) stimata sulla superficie semantica di appoggio.
Scena 1 (cc8c0b),3,28aaabeb212146a28a511858c09cf20c,39,25.172,16.22,0.0134,0.95,0.0017,0.0758,0.0117,0.0,0.0,0.1914,0.1,0.0914,Pedone,0.95,Forte indizio di presenza: Pedone (95.0%) in base alla memoria temporale causale.
Scena 1 (cc8c0b),3,28aaabeb212146a28a511858c09cf20c,40,24.257,27.49,0.0134,0.2257,0.0017,0.0757,0.0117,0.0,0.0,0.1914,0.1,0.0914,Pedone,0.2257,Presenza potenziale: Pedone (22.6%) stimata sulla superficie semantica di appoggio.
Scena 1 (cc8c0b),3,28aaabeb212146a28a511858c09cf20c,41,89.703,7.49,0.1415,0.255,0.0472,0.1793,0.053,0.0264,0.0103,0.0922,0.0793,0.0459,Pedone,0.255,Presenza potenziale: Pedone (25.5%) stimata sulla superficie semantica di appoggio.
Scena 1 (cc8c0b),3,28aaabeb212146a28a511858c09cf20c,42,4.535,44.56,0.01,0.2,0.0,0.05,0.01,0.0,0.0,0.2,0.1,0.1,Pedone,0.2,Presenza potenziale: Pedone (20.0%) stimata sulla superficie semantica di appoggio.
Scena 1 (cc8c0b),3,28aaabeb212146a28a511858c09cf20c,43,61.307,5.7,0.0607,0.2041,0.0151,0.1054,0.0422,0.0055,0.0017,0.1279,0.0829,0.069,Pedone,0.2041,Presenza potenziale: Pedone (20.4%) stimata sulla superficie semantica di appoggio.
Scena 1 (cc8c0b),3,28aaabeb212146a28a511858c09cf20c,44,5.663,40.0,0.01,0.2,0.0,0.05,0.01,0.0,0.0,0.2,0.1,0.1,Pedone,0.2,Presenza potenziale: Pedone (20.0%) stimata sulla superficie semantica di appoggio.
Scena 1 (cc8c0b),3,28aaabeb212146a28a511858c09cf20c,45,14.723,24.85,0.015,0.15,0.0,0.15,0.1,0.0,0.0,0.01,0.05,0.015,Pedone,0.15,Area probabilmente libera o con ostacoli minori (Pedone al 15.0%).
Scena 1 (cc8c0b),3,28aaabeb212146a28a511858c09cf20c,46,15.962,37.07,0.01,0.2,0.0,0.05,0.01,0.0,0.0,0.2,0.1,0.1,Pedone,0.2,Presenza potenziale: Pedone (20.0%) stimata sulla superficie semantica di appoggio.
Scena 1 (cc8c0b),3,28aaabeb212146a28a511858c09cf20c,47,7.668,40.2,0.01,0.2,0.0,0.05,0.01,0.0,0.0,0.2,0.1,0.1,Pedone,0.2,Presenza potenziale: Pedone (20.0%) stimata sulla superficie semantica di appoggio.
Scena 1 (cc8c0b),3,28aaabeb212146a28a511858c09cf20c,48,6.111,36.1,0.01,0.2,0.0,0.05,0.01,0.0,0.0,0.2,0.1,0.1,Pedone,0.2,Presenza potenziale: Pedone (20.0%) stimata sulla superficie semantica di appoggio.
Scena 1 (cc8c0b),3,28aaabeb212146a28a511858c09cf20c,49,2.438,40.79,0.01,0.2,0.0,0.05,0.01,0.0,0.0,0.2,0.1,0.1,Pedone,0.2,Presenza potenziale: Pedone (20.0%) stimata sulla superficie semantica di appoggio.
Scena 1 (cc8c0b),3,28aaabeb212146a28a511858c09cf20c,50,7.583,38.55,0.01,0.2,0.0,0.05,0.01,0.0,0.0,0.2,0.1,0.1,Pedone,0.2,Presenza potenziale: Pedone (20.0%) stimata sulla superficie semantica di appoggio.
Scena 1 (cc8c0b),3,28aaabeb212146a28a511858c09cf20c,51,13.638,34.03,0.108,0.165,0.028,0.12,0.073,0.0112,0.0035,0.067,0.065,0.051,Pedone,0.165,Area probabilmente libera o con ostacoli minori (Pedone al 16.5%).
Scena 1 (cc8c0b),4,c4f1a270736445e185379a80c29a5139,0,66.135,33.05,0.0101,0.2009,0.0001,0.0509,0.0101,0.0,0.0,0.1997,0.1,0.0997,Pedone,0.2009,Presenza potenziale: Pedone (20.1%) stimata sulla superficie semantica di appoggio.
Scena 1 (cc8c0b),4,c4f1a270736445e185379a80c29a5139,1,14.903,40.04,0.0272,0.3289,0.0086,0.1789,0.0186,0.0,0.0,0.157,0.1,0.057,Pedone,0.3289,Presenza potenziale: Pedone (32.9%) stimata sulla superficie semantica di appoggio.
Scena 1 (cc8c0b),4,c4f1a270736445e185379a80c29a5139,2,82.316,25.5,0.0121,0.2154,0.001,0.0654,0.011,0.0,0.0,0.1949,0.1,0.0949,Pedone,0.2154,Presenza potenziale: Pedone (21.5%) stimata sulla superficie semantica di appoggio.
Scena 1 (cc8c0b),4,c4f1a270736445e185379a80c29a5139,3,148.573,20.15,0.0157,0.2429,0.0029,0.0929,0.0129,0.0,0.0,0.1857,0.1,0.0857,Pedone,0.2429,Presenza potenziale: Pedone (24.3%) stimata sulla superficie semantica di appoggio.
Scena 1 (cc8c0b),4,c4f1a270736445e185379a80c29a5139,4,60.668,18.13,0.014,0.2297,0.002,0.0797,0.012,0.0,0.0,0.1901,0.1,0.0901,Pedone,0.2297,Presenza potenziale: Pedone (23.0%) stimata sulla superficie semantica di appoggio.
Scena 1 (cc8c0b),4,c4f1a270736445e185379a80c29a5139,5,100.917,17.7,0.0142,0.95,0.0021,0.0815,0.0121,0.0,0.0,0.1895,0.1,0.0895,Pedone,0.95,Forte indizio di presenza: Pedone (95.0%) in base alla memoria temporale causale.
Scena 1 (cc8c0b),4,c4f1a270736445e185379a80c29a5139,6,112.007,17.67,0.0169,0.2515,0.0034,0.1015,0.0134,0.0,0.0,0.1828,0.95,0.0828,Cono,0.95,Forte indizio di presenza: Cono (95.0%) in base alla memoria temporale causale.
Scena 1 (cc8c0b),4,c4f1a270736445e185379a80c29a5139,7,48.827,18.87,0.0145,0.2337,0.0022,0.0837,0.0122,0.0,0.0,0.1888,0.1,0.0888,Pedone,0.2337,Presenza potenziale: Pedone (23.4%) stimata sulla superficie semantica di appoggio.
Scena 1 (cc8c0b),4,c4f1a270736445e185379a80c29a5139,8,84.097,20.83,0.0139,0.2294,0.002,0.0794,0.012,0.0,0.0,0.1902,0.1,0.0902,Pedone,0.2294,Presenza potenziale: Pedone (22.9%) stimata sulla superficie semantica di appoggio.
Scena 1 (cc8c0b),4,c4f1a270736445e185379a80c29a5139,9,29.137,31.79,0.0196,0.2718,0.0048,0.1221,0.015,0.0,0.0,0.1753,0.0998,0.0757,Pedone,0.2718,Presenza potenziale: Pedone (27.2%) stimata sulla superficie semantica di appoggio.
Scena 1 (cc8c0b),4,c4f1a270736445e185379a80c29a5139,10,103.955,20.36,0.017,0.2526,0.0035,0.1026,0.0135,0.0,0.0,0.1825,0.1,0.0825,Pedone,0.2526,Presenza potenziale: Pedone (25.3%) stimata sulla superficie semantica di appoggio.
Scena 1 (cc8c0b),4,c4f1a270736445e185379a80c29a5139,11,112.504,17.61,0.0178,0.2585,0.0039,0.1085,0.0139,0.0,0.0,0.1805,0.1,0.0805,Pedone,0.2585,Presenza potenziale: Pedone (25.9%) stimata sulla superficie semantica di appoggio.
Scena 1 (cc8c0b),4,c4f1a270736445e185379a80c29a5139,12,131.344,14.85,0.0145,0.2334,0.0022,0.0834,0.0122,0.0,0.0,0.1889,0.1,0.0889,Pedone,0.2334,Presenza potenziale: Pedone (23.3%) stimata sulla superficie semantica di appoggio.
Scena 1 (cc8c0b),4,c4f1a270736445e185379a80c29a5139,13,109.604,14.44,0.0131,0.95,0.0016,0.0737,0.0118,0.0,0.0,0.191,0.0997,0.0916,Pedone,0.95,Forte indizio di presenza: Pedone (95.0%) in base alla memoria temporale causale.
Scena 1 (cc8c0b),4,c4f1a270736445e185379a80c29a5139,14,143.031,14.43,0.0637,0.3213,0.0212,0.1938,0.03,0.008,0.0031,0.1325,0.0938,0.0488,Pedone,0.3213,Presenza potenziale: Pedone (32.1%) stimata sulla superficie semantica di appoggio.
Scena 1 (cc8c0b),4,c4f1a270736445e185379a80c29a5139,15,146.457,15.69,0.0206,0.2249,0.0038,0.0823,0.0163,0.0008,0.0002,0.1815,0.0975,0.0874,Pedone,0.2249,Presenza potenziale: Pedone (22.5%) stimata sulla superficie semantica di appoggio.
Scena 1 (cc8c0b),4,c4f1a270736445e185379a80c29a5139,16,37.845,21.55,0.0116,0.2137,0.0012,0.0699,0.0145,0.0,0.0,0.1785,0.0959,0.0867,Pedone,0.2137,Presenza potenziale: Pedone (21.4%) stimata sulla superficie semantica di appoggio.
Scena 1 (cc8c0b),4,c4f1a270736445e185379a80c29a5139,17,124.751,25.72,0.2578,0.1086,0.1708,0.1378,0.087,0.0683,0.0427,0.037,0.0573,0.0565,Auto,0.2578,Presenza potenziale: Auto (25.8%) stimata sulla superficie semantica di appoggio.
Scena 1 (cc8c0b),4,c4f1a270736445e185379a80c29a5139,18,1.492,29.72,0.0,0.15,0.0,0.075,0.05,0.0,0.0,0.01,0.05,0.01,Pedone,0.15,Area probabilmente libera o con ostacoli minori (Pedone al 15.0%).
Scena 1 (cc8c0b),4,c4f1a270736445e185379a80c29a5139,19,95.016,24.0,0.2251,0.1325,0.148,0.137,0.0771,0.0588,0.0368,0.0558,0.0632,0.0588,Auto,0.2251,Presenza potenziale: Auto (22.5%) stimata sulla superficie semantica di appoggio.
Scena 1 (cc8c0b),4,c4f1a270736445e185379a80c29a5139,20,37.391,29.37,0.2318,0.1388,0.0765,0.1265,0.0788,0.0489,0.0191,0.0547,0.0618,0.0541,Auto,0.2318,Presenza potenziale: Auto (23.2%) stimata sulla superficie semantica di appoggio.
Scena 1 (cc8c0b),4,c4f1a270736445e185379a80c29a5139,21,20.25,32.33,0.3,0.12,0.1,0.15,0.1,0.064,0.025,0.01,0.05,0.04,Auto,0.3,Presenza potenziale: Auto (30.0%) stimata sulla superficie semantica di appoggio.
Scena 1 (cc8c0b),4,c4f1a270736445e185379a80c29a5139,22,0.18,21.12,0.01,0.2,0.0,0.05,0.01,0.0,0.0,0.2,0.1,0.1,Pedone,0.2,Presenza potenziale: Pedone (20.0%) stimata sulla superficie semantica di appoggio.
Scena 1 (cc8c0b),4,c4f1a270736445e185379a80c29a5139,23,85.241,23.64,0.0866,0.2362,0.0512,0.1356,0.0353,0.0188,0.0118,0.1346,0.0882,0.0675,Pedone,0.2362,Presenza potenziale: Pedone (23.6%) stimata sulla superficie semantica di appoggio.
Scena 1 (cc8c0b),4,c4f1a270736445e185379a80c29a5139,24,27.811,17.45,0.0113,0.2094,0.0006,0.0594,0.0106,0.0,0.0,0.1969,0.1,0.0969,Pedone,0.2094,Presenza potenziale: Pedone (20.9%) stimata sulla superficie semantica di appoggio.
Scena 1 (cc8c0b),4,c4f1a270736445e185379a80c29a5139,25,0.552,34.28,0.01,0.2,0.0,0.05,0.01,0.0,0.0,0.2,0.1,0.1,Pedone,0.2,Presenza potenziale: Pedone (20.0%) stimata sulla superficie semantica di appoggio.
Scena 1 (cc8c0b),4,c4f1a270736445e185379a80c29a5139,26,51.004,36.75,0.01,0.2,0.0,0.05,0.01,0.0,0.0,0.2,0.1,0.1,Pedone,0.2,Presenza potenziale: Pedone (20.0%) stimata sulla superficie semantica di appoggio.
Scena 1 (cc8c0b),4,c4f1a270736445e185379a80c29a5139,27,2.311,28.71,0.01,0.2,0.0,0.05,0.01,0.0,0.0,0.2,0.1,0.1,Pedone,0.2,Presenza potenziale: Pedone (20.0%) stimata sulla superficie semantica di appoggio.
Scena 1 (cc8c0b),4,c4f1a270736445e185379a80c29a5139,28,100.491,30.27,0.01,0.95,0.0,0.05,0.01,0.0,0.0,0.2,0.1,0.1,Pedone,0.95,Forte indizio di presenza: Pedone (95.0%) in base alla memoria temporale causale.
Scena 1 (cc8c0b),4,c4f1a270736445e185379a80c29a5139,29,21.965,32.62,0.01,0.2,0.0,0.05,0.01,0.0,0.0,0.2,0.1,0.1,Pedone,0.2,Presenza potenziale: Pedone (20.0%) stimata sulla superficie semantica di appoggio.
Scena 1 (cc8c0b),4,c4f1a270736445e185379a80c29a5139,30,30.863,40.26,0.01,0.2,0.0,0.05,0.01,0.0,0.0,0.2,0.1,0.1,Pedone,0.2,Presenza potenziale: Pedone (20.0%) stimata sulla superficie semantica di appoggio.
Scena 1 (cc8c0b),4,c4f1a270736445e185379a80c29a5139,31,37.472,41.69,0.01,0.2,0.0,0.05,0.01,0.0,0.0,0.2,0.1,0.1,Pedone,0.2,Presenza potenziale: Pedone (20.0%) stimata sulla superficie semantica di appoggio.
Scena 1 (cc8c0b),4,c4f1a270736445e185379a80c29a5139,32,18.701,28.71,0.01,0.2,0.0,0.05,0.01,0.0,0.0,0.2,0.1,0.1,Pedone,0.2,Presenza potenziale: Pedone (20.0%) stimata sulla superficie semantica di appoggio.
Scena 1 (cc8c0b),4,c4f1a270736445e185379a80c29a5139,33,33.49,28.42,0.01,0.2,0.0,0.05,0.01,0.0,0.0,0.2,0.1,0.1,Pedone,0.2,Presenza potenziale: Pedone (20.0%) stimata sulla superficie semantica di appoggio.
Scena 1 (cc8c0b),4,c4f1a270736445e185379a80c29a5139,34,0.193,30.55,0.01,0.2,0.0,0.05,0.01,0.0,0.0,0.2,0.1,0.1,Pedone,0.2,Presenza potenziale: Pedone (20.0%) stimata sulla superficie semantica di appoggio.
Scena 1 (cc8c0b),4,c4f1a270736445e185379a80c29a5139,35,41.133,32.85,0.01,0.2,0.0,0.05,0.01,0.0,0.0,0.2,0.1,0.1,Pedone,0.2,Presenza potenziale: Pedone (20.0%) stimata sulla superficie semantica di appoggio.
Scena 1 (cc8c0b),4,c4f1a270736445e185379a80c29a5139,36,23.158,34.42,0.01,0.2,0.0,0.05,0.01,0.0,0.0,0.2,0.1,0.1,Pedone,0.2,Presenza potenziale: Pedone (20.0%) stimata sulla superficie semantica di appoggio.
Scena 1 (cc8c0b),4,c4f1a270736445e185379a80c29a5139,37,20.166,32.11,0.01,0.2,0.0,0.05,0.01,0.0,0.0,0.2,0.1,0.1,Pedone,0.2,Presenza potenziale: Pedone (20.0%) stimata sulla superficie semantica di appoggio.
Scena 1 (cc8c0b),4,c4f1a270736445e185379a80c29a5139,38,18.419,32.54,0.01,0.2,0.0,0.05,0.01,0.0,0.0,0.2,0.1,0.1,Pedone,0.2,Presenza potenziale: Pedone (20.0%) stimata sulla superficie semantica di appoggio.
Scena 1 (cc8c0b),4,c4f1a270736445e185379a80c29a5139,39,50.513,48.3,0.01,0.2,0.0,0.05,0.01,0.0,0.0,0.2,0.1,0.1,Pedone,0.2,Presenza potenziale: Pedone (20.0%) stimata sulla superficie semantica di appoggio.
Scena 1 (cc8c0b),4,c4f1a270736445e185379a80c29a5139,40,27.267,39.41,0.01,0.2,0.0,0.05,0.01,0.0,0.0,0.2,0.1,0.1,Pedone,0.2,Presenza potenziale: Pedone (20.0%) stimata sulla superficie semantica di appoggio.
Scena 1 (cc8c0b),4,c4f1a270736445e185379a80c29a5139,41,27.535,32.33,0.01,0.2,0.0,0.05,0.01,0.0,0.0,0.2,0.1,0.1,Pedone,0.2,Presenza potenziale: Pedone (20.0%) stimata sulla superficie semantica di appoggio.
Scena 1 (cc8c0b),4,c4f1a270736445e185379a80c29a5139,42,21.415,33.58,0.01,0.2,0.0,0.05,0.01,0.0,0.0,0.2,0.1,0.1,Pedone,0.2,Presenza potenziale: Pedone (20.0%) stimata sulla superficie semantica di appoggio.
Scena 1 (cc8c0b),4,c4f1a270736445e185379a80c29a5139,43,0.552,28.27,0.0,0.15,0.0,0.075,0.05,0.0,0.0,0.01,0.05,0.01,Pedone,0.15,Area probabilmente libera o con ostacoli minori (Pedone al 15.0%).
Scena 1 (cc8c0b),4,c4f1a270736445e185379a80c29a5139,44,40.479,24.35,0.0189,0.2669,0.0045,0.1169,0.0145,0.0,0.0,0.1777,0.1,0.0777,Pedone,0.2669,Presenza potenziale: Pedone (26.7%) stimata sulla superficie semantica di appoggio.
Scena 1 (cc8c0b),4,c4f1a270736445e185379a80c29a5139,45,316.172,4.86,0.1841,0.1427,0.1199,0.1179,0.0642,0.0477,0.0298,0.0839,0.0702,0.0674,Auto,0.1841,Area probabilmente libera o con ostacoli minori (Auto al 18.4%).
Scena 1 (cc8c0b),4,c4f1a270736445e185379a80c29a5139,46,5.253,46.5,0.01,0.2,0.0,0.05,0.01,0.0,0.0,0.2,0.1,0.1,Pedone,0.2,Presenza potenziale: Pedone (20.0%) stimata sulla superficie semantica di appoggio.
Scena 1 (cc8c0b),4,c4f1a270736445e185379a80c29a5139,47,18.21,4.21,0.2701,0.1282,0.0897,0.1397,0.0907,0.0574,0.0224,0.0296,0.0552,0.0462,Auto,0.2701,Presenza potenziale: Auto (27.0%) stimata sulla superficie semantica di appoggio.
Scena 1 (cc8c0b),4,c4f1a270736445e185379a80c29a5139,48,11.097,37.07,0.01,0.2,0.0,0.05,0.01,0.0,0.0,0.2,0.1,0.1,Pedone,0.2,Presenza potenziale: Pedone (20.0%) stimata sulla superficie semantica di appoggio.
Scena 1 (cc8c0b),4,c4f1a270736445e185379a80c29a5139,49,7.759,28.98,0.0,0.15,0.0,0.075,0.05,0.0,0.0,0.01,0.05,0.01,Pedone,0.15,Area probabilmente libera o con ostacoli minori (Pedone al 15.0%).
Scena 1 (cc8c0b),4,c4f1a270736445e185379a80c29a5139,50,4.259,42.85,0.01,0.2,0.0,0.05,0.01,0.0,0.0,0.2,0.1,0.1,Pedone,0.2,Presenza potenziale: Pedone (20.0%) stimata sulla superficie semantica di appoggio.
Scena 1 (cc8c0b),4,c4f1a270736445e185379a80c29a5139,51,0.222,25.66,0.0109,0.2068,0.0005,0.0568,0.0105,0.0,0.0,0.1977,0.1,0.0977,Pedone,0.2068,Presenza potenziale: Pedone (20.7%) stimata sulla superficie semantica di appoggio.
Scena 1 (cc8c0b),4,c4f1a270736445e185379a80c29a5139,52,14.862,37.28,0.01,0.2,0.0,0.05,0.01,0.0,0.0,0.2,0.1,0.1,Pedone,0.2,Presenza potenziale: Pedone (20.0%) stimata sulla superficie semantica di appoggio.
Scena 1 (cc8c0b),4,c4f1a270736445e185379a80c29a5139,53,17.711,33.29,0.01,0.2,0.0,0.05,0.01,0.0,0.0,0.2,0.1,0.1,Pedone,0.2,Presenza potenziale: Pedone (20.0%) stimata sulla superficie semantica di appoggio.
Scena 1 (cc8c0b),4,c4f1a270736445e185379a80c29a5139,54,5.888,38.86,0.0147,0.2349,0.0023,0.0849,0.0123,0.0,0.0,0.1884,0.1,0.0884,Pedone,0.2349,Presenza potenziale: Pedone (23.5%) stimata sulla superficie semantica di appoggio.
Scena 1 (cc8c0b),4,c4f1a270736445e185379a80c29a5139,55,3.284,26.99,0.0044,0.1721,0.0,0.064,0.0324,0.0,0.0,0.0938,0.0721,0.0497,Pedone,0.1721,Area probabilmente libera o con ostacoli minori (Pedone al 17.2%).
Scena 1 (cc8c0b),4,c4f1a270736445e185379a80c29a5139,56,9.042,41.84,0.01,0.2,0.0,0.05,0.01,0.0,0.0,0.2,0.1,0.1,Pedone,0.2,Presenza potenziale: Pedone (20.0%) stimata sulla superficie semantica di appoggio.
Scena 1 (cc8c0b),4,c4f1a270736445e185379a80c29a5139,57,60.33,4.12,0.2181,0.1426,0.0718,0.1218,0.0746,0.0459,0.0179,0.0636,0.0641,0.0569,Auto,0.2181,Presenza potenziale: Auto (21.8%) stimata sulla superficie semantica di appoggio.
Scena 1 (cc8c0b),4,c4f1a270736445e185379a80c29a5139,58,12.702,32.21,0.0118,0.1824,0.0,0.0851,0.0416,0.0,0.0,0.1332,0.0824,0.0701,Pedone,0.1824,Area probabilmente libera o con ostacoli minori (Pedone al 18.2%).
Scena 1 (cc8c0b),5,6a97481174074729a9d0ffa096eaa498,0,138.334,22.8,0.0166,0.2494,0.0033,0.0994,0.0133,0.0,0.0,0.1835,0.1,0.0835,Pedone,0.2494,Presenza potenziale: Pedone (24.9%) stimata sulla superficie semantica di appoggio.
Scena 1 (cc8c0b),5,6a97481174074729a9d0ffa096eaa498,1,0.671,43.21,0.03,0.35,0.01,0.2,0.02,0.0,0.0,0.15,0.1,0.05,Pedone,0.35,Presenza potenziale: Pedone (35.0%) stimata sulla superficie semantica di appoggio.
Scena 1 (cc8c0b),5,6a97481174074729a9d0ffa096eaa498,2,46.207,19.79,0.0151,0.2385,0.0026,0.0885,0.0126,0.0,0.0,0.1872,0.1,0.0872,Pedone,0.2385,Presenza potenziale: Pedone (23.8%) stimata sulla superficie semantica di appoggio.
Scena 1 (cc8c0b),5,6a97481174074729a9d0ffa096eaa498,3,95.432,18.04,0.0133,0.2245,0.0016,0.0745,0.0116,0.0,0.0,0.1918,0.1,0.0918,Pedone,0.2245,Presenza potenziale: Pedone (22.4%) stimata sulla superficie semantica di appoggio.
Scena 1 (cc8c0b),5,6a97481174074729a9d0ffa096eaa498,4,87.281,17.62,0.0146,0.95,0.0023,0.0847,0.0123,0.0,0.0,0.1884,0.1,0.0884,Pedone,0.95,Forte indizio di presenza: Pedone (95.0%) in base alla memoria temporale causale.
Scena 1 (cc8c0b),5,6a97481174074729a9d0ffa096eaa498,5,85.133,20.4,0.0185,0.2637,0.0042,0.1137,0.0142,0.0,0.0,0.1788,0.1,0.0788,Pedone,0.2637,Presenza potenziale: Pedone (26.4%) stimata sulla superficie semantica di appoggio.
Scena 1 (cc8c0b),5,6a97481174074729a9d0ffa096eaa498,6,100.777,25.6,0.0212,0.285,0.0058,0.1369,0.0168,0.0,0.0,0.1663,0.0987,0.0689,Pedone,0.285,Presenza potenziale: Pedone (28.5%) stimata sulla superficie semantica di appoggio.
Scena 1 (cc8c0b),5,6a97481174074729a9d0ffa096eaa498,7,101.839,22.67,0.0163,0.2472,0.0031,0.0972,0.0131,0.0,0.0,0.1843,0.1,0.0843,Pedone,0.2472,Presenza potenziale: Pedone (24.7%) stimata sulla superficie semantica di appoggio.
Scena 1 (cc8c0b),5,6a97481174074729a9d0ffa096eaa498,8,176.912,16.23,0.0144,0.2328,0.0022,0.083,0.0123,0.0,0.0,0.1884,0.0998,0.0887,Pedone,0.2328,Presenza potenziale: Pedone (23.3%) stimata sulla superficie semantica di appoggio.
Scena 1 (cc8c0b),5,6a97481174074729a9d0ffa096eaa498,9,122.189,14.84,0.0135,0.224,0.0017,0.078,0.014,0.0,0.0,0.1866,0.0987,0.0893,Pedone,0.224,Presenza potenziale: Pedone (22.4%) stimata sulla superficie semantica di appoggio.
Scena 1 (cc8c0b),5,6a97481174074729a9d0ffa096eaa498,10,125.524,16.93,0.0436,0.2608,0.013,0.126,0.0221,0.0054,0.0021,0.1614,0.0958,0.0724,Pedone,0.2608,Presenza potenziale: Pedone (26.1%) stimata sulla superficie semantica di appoggio.
Scena 1 (cc8c0b),5,6a97481174074729a9d0ffa096eaa498,11,132.617,28.99,0.2696,0.1015,0.179,0.1395,0.0906,0.0716,0.0448,0.0299,0.0552,0.0552,Auto,0.2696,Presenza potenziale: Auto (27.0%) stimata sulla superficie semantica di appoggio.
Scena 1 (cc8c0b),5,6a97481174074729a9d0ffa096eaa498,12,75.631,13.16,0.0174,0.95,0.0036,0.1078,0.0165,0.0,0.0,0.1757,0.0984,0.0791,Pedone,0.95,Forte indizio di presenza: Pedone (95.0%) in base alla memoria temporale causale.
Scena 1 (cc8c0b),5,6a97481174074729a9d0ffa096eaa498,13,43.162,23.82,0.0144,0.2225,0.0019,0.0905,0.0227,0.0,0.0,0.1678,0.094,0.0803,Pedone,0.2225,Presenza potenziale: Pedone (22.2%) stimata sulla superficie semantica di appoggio.
Scena 1 (cc8c0b),5,6a97481174074729a9d0ffa096eaa498,14,27.676,26.16,0.0223,0.2475,0.0049,0.1744,0.061,0.0,0.0,0.0782,0.0744,0.0321,Pedone,0.2475,Presenza potenziale: Pedone (24.8%) stimata sulla superficie semantica di appoggio.
Scena 1 (cc8c0b),5,6a97481174074729a9d0ffa096eaa498,15,65.152,27.7,0.2656,0.1044,0.1762,0.1394,0.0894,0.0705,0.044,0.0322,0.056,0.0555,Auto,0.2656,Presenza potenziale: Auto (26.6%) stimata sulla superficie semantica di appoggio.
Scena 1 (cc8c0b),5,6a97481174074729a9d0ffa096eaa498,16,23.006,39.0,0.0136,0.2271,0.0018,0.0771,0.0118,0.0,0.0,0.191,0.1,0.091,Pedone,0.2271,Presenza potenziale: Pedone (22.7%) stimata sulla superficie semantica di appoggio.
Scena 1 (cc8c0b),5,6a97481174074729a9d0ffa096eaa498,17,1.64,25.53,0.01,0.2,0.0,0.05,0.01,0.0,0.0,0.2,0.1,0.1,Pedone,0.2,Presenza potenziale: Pedone (20.0%) stimata sulla superficie semantica di appoggio.
Scena 1 (cc8c0b),5,6a97481174074729a9d0ffa096eaa498,18,32.649,27.95,0.01,0.2,0.0,0.05,0.01,0.0,0.0,0.2,0.1,0.1,Pedone,0.2,Presenza potenziale: Pedone (20.0%) stimata sulla superficie semantica di appoggio.
Scena 1 (cc8c0b),5,6a97481174074729a9d0ffa096eaa498,19,25.997,40.76,0.01,0.2,0.0,0.05,0.01,0.0,0.0,0.2,0.1,0.1,Pedone,0.2,Presenza potenziale: Pedone (20.0%) stimata sulla superficie semantica di appoggio.
Scena 1 (cc8c0b),5,6a97481174074729a9d0ffa096eaa498,20,40.653,37.06,0.01,0.2,0.0,0.05,0.01,0.0,0.0,0.2,0.1,0.1,Pedone,0.2,Presenza potenziale: Pedone (20.0%) stimata sulla superficie semantica di appoggio.
Scena 1 (cc8c0b),5,6a97481174074729a9d0ffa096eaa498,21,13.045,44.86,0.01,0.2,0.0,0.05,0.01,0.0,0.0,0.2,0.1,0.1,Pedone,0.2,Presenza potenziale: Pedone (20.0%) stimata sulla superficie semantica di appoggio.
Scena 1 (cc8c0b),5,6a97481174074729a9d0ffa096eaa498,22,15.699,29.6,0.01,0.2,0.0,0.05,0.01,0.0,0.0,0.2,0.1,0.1,Pedone,0.2,Presenza potenziale: Pedone (20.0%) stimata sulla superficie semantica di appoggio.
Scena 1 (cc8c0b),5,6a97481174074729a9d0ffa096eaa498,23,38.819,29.2,0.01,0.2,0.0,0.05,0.01,0.0,0.0,0.2,0.1,0.1,Pedone,0.2,Presenza potenziale: Pedone (20.0%) stimata sulla superficie semantica di appoggio.
Scena 1 (cc8c0b),5,6a97481174074729a9d0ffa096eaa498,24,1.07,33.03,0.01,0.2,0.0,0.05,0.01,0.0,0.0,0.2,0.1,0.1,Pedone,0.2,Presenza potenziale: Pedone (20.0%) stimata sulla superficie semantica di appoggio.
Scena 1 (cc8c0b),5,6a97481174074729a9d0ffa096eaa498,25,40.711,33.95,0.01,0.2,0.0,0.05,0.01,0.0,0.0,0.2,0.1,0.1,Pedone,0.2,Presenza potenziale: Pedone (20.0%) stimata sulla superficie semantica di appoggio.
Scena 1 (cc8c0b),5,6a97481174074729a9d0ffa096eaa498,26,24.291,32.71,0.01,0.2,0.0,0.05,0.01,0.0,0.0,0.2,0.1,0.1,Pedone,0.2,Presenza potenziale: Pedone (20.0%) stimata sulla superficie semantica di appoggio.
Scena 1 (cc8c0b),5,6a97481174074729a9d0ffa096eaa498,27,12.249,31.97,0.01,0.2,0.0,0.05,0.01,0.0,0.0,0.2,0.1,0.1,Pedone,0.2,Presenza potenziale: Pedone (20.0%) stimata sulla superficie semantica di appoggio.
Scena 1 (cc8c0b),5,6a97481174074729a9d0ffa096eaa498,28,29.274,51.2,0.01,0.2,0.0,0.05,0.01,0.0,0.0,0.2,0.1,0.1,Pedone,0.2,Presenza potenziale: Pedone (20.0%) stimata sulla superficie semantica di appoggio.
Scena 1 (cc8c0b),5,6a97481174074729a9d0ffa096eaa498,29,34.631,29.89,0.01,0.95,0.0,0.05,0.01,0.0,0.0,0.2,0.1,0.1,Pedone,0.95,Forte indizio di presenza: Pedone (95.0%) in base alla memoria temporale causale.
Scena 1 (cc8c0b),5,6a97481174074729a9d0ffa096eaa498,30,31.083,31.01,0.01,0.95,0.0,0.05,0.01,0.0,0.0,0.2,0.1,0.1,Pedone,0.95,Forte indizio di presenza: Pedone (95.0%) in base alla memoria temporale causale.
Scena 1 (cc8c0b),5,6a97481174074729a9d0ffa096eaa498,31,0.974,32.28,0.0,0.15,0.0,0.075,0.05,0.0,0.0,0.01,0.05,0.01,Pedone,0.15,Area probabilmente libera o con ostacoli minori (Pedone al 15.0%).
Scena 1 (cc8c0b),5,6a97481174074729a9d0ffa096eaa498,32,2.828,50.95,0.01,0.2,0.0,0.05,0.01,0.0,0.0,0.2,0.1,0.1,Pedone,0.2,Presenza potenziale: Pedone (20.0%) stimata sulla superficie semantica di appoggio.
Scena 1 (cc8c0b),5,6a97481174074729a9d0ffa096eaa498,33,50.783,21.8,0.0183,0.2624,0.0042,0.1124,0.0142,0.0,0.0,0.1792,0.1,0.0792,Pedone,0.2624,Presenza potenziale: Pedone (26.2%) stimata sulla superficie semantica di appoggio.
Scena 1 (cc8c0b),5,6a97481174074729a9d0ffa096eaa498,34,359.842,4.85,0.0986,0.2069,0.0601,0.1173,0.0385,0.023,0.0144,0.1325,0.95,0.0728,Cono,0.95,Forte indizio di presenza: Cono (95.0%) in base alla memoria temporale causale.
Scena 1 (cc8c0b),5,6a97481174074729a9d0ffa096eaa498,35,1.724,48.6,0.01,0.2,0.0,0.05,0.01,0.0,0.0,0.2,0.1,0.1,Pedone,0.2,Presenza potenziale: Pedone (20.0%) stimata sulla superficie semantica di appoggio.
Scena 1 (cc8c0b),5,6a97481174074729a9d0ffa096eaa498,36,9.509,6.05,0.013,0.1696,0.0,0.1109,0.0648,0.0,0.0,0.0843,0.0696,0.0483,Pedone,0.1696,Area probabilmente libera o con ostacoli minori (Pedone al 17.0%).
Scena 1 (cc8c0b),5,6a97481174074729a9d0ffa096eaa498,37,11.394,34.35,0.01,0.2,0.0,0.05,0.01,0.0,0.0,0.2,0.1,0.1,Pedone,0.2,Presenza potenziale: Pedone (20.0%) stimata sulla superficie semantica di appoggio.
Scena 1 (cc8c0b),5,6a97481174074729a9d0ffa096eaa498,38,5.481,32.97,0.0,0.15,0.0,0.075,0.05,0.0,0.0,0.01,0.05,0.01,Pedone,0.15,Area probabilmente libera o con ostacoli minori (Pedone al 15.0%).
Scena 1 (cc8c0b),5,6a97481174074729a9d0ffa096eaa498,39,34.774,31.67,0.01,0.95,0.0,0.05,0.01,0.0,0.0,0.2,0.1,0.1,Pedone,0.95,Forte indizio di presenza: Pedone (95.0%) in base alla memoria temporale causale.
Scena 1 (cc8c0b),5,6a97481174074729a9d0ffa096eaa498,40,9.741,40.08,0.01,0.2,0.0,0.05,0.01,0.0,0.0,0.2,0.1,0.1,Pedone,0.2,Presenza potenziale: Pedone (20.0%) stimata sulla superficie semantica di appoggio.
Scena 1 (cc8c0b),5,6a97481174074729a9d0ffa096eaa498,41,15.295,29.35,0.0155,0.218,0.0021,0.1079,0.036,0.0,0.0,0.139,0.0867,0.0669,Pedone,0.218,Presenza potenziale: Pedone (21.8%) stimata sulla superficie semantica di appoggio.
Scena 1 (cc8c0b),5,6a97481174074729a9d0ffa096eaa498,42,23.479,34.59,0.01,0.95,0.0,0.05,0.01,0.0,0.0,0.2,0.1,0.1,Pedone,0.95,Forte indizio di presenza: Pedone (95.0%) in base alla memoria temporale causale.
Scena 1 (cc8c0b),5,6a97481174074729a9d0ffa096eaa498,43,28.634,30.77,0.01,0.2,0.0,0.05,0.01,0.0,0.0,0.2,0.1,0.1,Pedone,0.2,Presenza potenziale: Pedone (20.0%) stimata sulla superficie semantica di appoggio.
Scena 1 (cc8c0b),5,6a97481174074729a9d0ffa096eaa498,44,1.983,37.11,0.03,0.35,0.01,0.2,0.02,0.0,0.0,0.15,0.1,0.05,Pedone,0.35,Presenza potenziale: Pedone (35.0%) stimata sulla superficie semantica di appoggio.
Scena 1 (cc8c0b),5,6a97481174074729a9d0ffa096eaa498,45,11.85,30.96,0.015,0.15,0.0,0.15,0.1,0.0,0.0,0.01,0.05,0.015,Pedone,0.15,Area probabilmente libera o con ostacoli minori (Pedone al 15.0%).
Scena 1 (cc8c0b),5,6a97481174074729a9d0ffa096eaa498,46,8.389,45.32,0.01,0.2,0.0,0.05,0.01,0.0,0.0,0.2,0.1,0.1,Pedone,0.2,Presenza potenziale: Pedone (20.0%) stimata sulla superficie semantica di appoggio.
Scena 1 (cc8c0b),5,6a97481174074729a9d0ffa096eaa498,47,4.048,30.63,0.0,0.15,0.0,0.075,0.05,0.0,0.0,0.01,0.05,0.01,Pedone,0.15,Area probabilmente libera o con ostacoli minori (Pedone al 15.0%).
Scena 1 (cc8c0b),5,6a97481174074729a9d0ffa096eaa498,48,21.747,30.46,0.15,0.15,0.04,0.15,0.1,0.016,0.005,0.01,0.05,0.03,Auto,0.15,Area probabilmente libera o con ostacoli minori (Auto al 15.0%).
Scena 1 (cc8c0b),6,fca0353274424116948fa1f10be1fc29,0,39.322,25.49,0.013,0.2228,0.0015,0.0728,0.0115,0.0,0.0,0.1924,0.1,0.0924,Pedone,0.2228,Presenza potenziale: Pedone (22.3%) stimata sulla superficie semantica di appoggio.
Scena 1 (cc8c0b),6,fca0353274424116948fa1f10be1fc29,1,51.038,22.03,0.0137,0.2279,0.0019,0.0779,0.0119,0.0,0.0,0.1907,0.1,0.0907,Pedone,0.2279,Presenza potenziale: Pedone (22.8%) stimata sulla superficie semantica di appoggio.
Scena 1 (cc8c0b),6,fca0353274424116948fa1f10be1fc29,2,95.906,25.65,0.0179,0.2589,0.0039,0.1089,0.0139,0.0,0.0,0.1804,0.1,0.0804,Pedone,0.2589,Presenza potenziale: Pedone (25.9%) stimata sulla superficie semantica di appoggio.
Scena 1 (cc8c0b),6,fca0353274424116948fa1f10be1fc29,3,43.747,19.18,0.0139,0.2291,0.0019,0.0791,0.0119,0.0,0.0,0.1903,0.1,0.0903,Pedone,0.2291,Presenza potenziale: Pedone (22.9%) stimata sulla superficie semantica di appoggio.
Scena 1 (cc8c0b),6,fca0353274424116948fa1f10be1fc29,4,58.231,17.18,0.0182,0.2615,0.0041,0.1115,0.0141,0.0,0.0,0.1795,0.1,0.0795,Pedone,0.2615,Presenza potenziale: Pedone (26.2%) stimata sulla superficie semantica di appoggio.
Scena 1 (cc8c0b),6,fca0353274424116948fa1f10be1fc29,5,105.843,17.14,0.014,0.2301,0.002,0.0801,0.012,0.0,0.0,0.19,0.95,0.09,Cono,0.95,Forte indizio di presenza: Cono (95.0%) in base alla memoria temporale causale.
Scena 1 (cc8c0b),6,fca0353274424116948fa1f10be1fc29,6,70.788,17.57,0.0135,0.2266,0.0018,0.0766,0.0118,0.0,0.0,0.1911,0.1,0.0911,Pedone,0.2266,Presenza potenziale: Pedone (22.7%) stimata sulla superficie semantica di appoggio.
Scena 1 (cc8c0b),6,fca0353274424116948fa1f10be1fc29,7,23.728,30.55,0.0132,0.2236,0.0016,0.0736,0.0116,0.0,0.0,0.1921,0.1,0.0921,Pedone,0.2236,Presenza potenziale: Pedone (22.4%) stimata sulla superficie semantica di appoggio.
Scena 1 (cc8c0b),6,fca0353274424116948fa1f10be1fc29,8,84.192,22.37,0.0197,0.2725,0.0048,0.1225,0.0148,0.0,0.0,0.1758,0.1,0.0758,Pedone,0.2725,Presenza potenziale: Pedone (27.3%) stimata sulla superficie semantica di appoggio.
Scena 1 (cc8c0b),6,fca0353274424116948fa1f10be1fc29,9,42.895,19.16,0.0225,0.2935,0.0062,0.1435,0.0162,0.0,0.0,0.1688,0.1,0.0688,Pedone,0.2935,Presenza potenziale: Pedone (29.3%) stimata sulla superficie semantica di appoggio.
Scena 1 (cc8c0b),6,fca0353274424116948fa1f10be1fc29,10,104.6,21.57,0.0168,0.2516,0.0035,0.1025,0.014,0.0,0.0,0.1803,0.0994,0.0815,Pedone,0.2516,Presenza potenziale: Pedone (25.2%) stimata sulla superficie semantica di appoggio.
Scena 1 (cc8c0b),6,fca0353274424116948fa1f10be1fc29,11,91.797,23.37,0.0448,0.2642,0.0135,0.1299,0.0226,0.0056,0.0022,0.1597,0.0956,0.071,Pedone,0.2642,Presenza potenziale: Pedone (26.4%) stimata sulla superficie semantica di appoggio.
Scena 1 (cc8c0b),6,fca0353274424116948fa1f10be1fc29,12,76.387,25.42,0.016,0.2448,0.003,0.0948,0.013,0.0,0.0,0.1851,0.1,0.0851,Pedone,0.2448,Presenza potenziale: Pedone (24.5%) stimata sulla superficie semantica di appoggio.
Scena 1 (cc8c0b),6,fca0353274424116948fa1f10be1fc29,13,262.408,12.77,0.0305,0.95,0.0079,0.0968,0.0174,0.0033,0.0013,0.1763,0.0974,0.083,Pedone,0.95,Forte indizio di presenza: Pedone (95.0%) in base alla memoria temporale causale.
Scena 1 (cc8c0b),6,fca0353274424116948fa1f10be1fc29,14,166.717,15.0,0.0773,0.3097,0.0258,0.1912,0.034,0.0112,0.0044,0.1255,0.0912,0.0482,Pedone,0.3097,Presenza potenziale: Pedone (31.0%) stimata sulla superficie semantica di appoggio.
Scena 1 (cc8c0b),6,fca0353274424116948fa1f10be1fc29,15,153.582,25.42,0.2677,0.1116,0.1775,0.1425,0.0902,0.0708,0.0441,0.0286,0.0548,0.0542,Auto,0.2677,Presenza potenziale: Auto (26.8%) stimata sulla superficie semantica di appoggio.
Scena 1 (cc8c0b),6,fca0353274424116948fa1f10be1fc29,16,35.472,27.32,0.1407,0.1966,0.0396,0.1606,0.0924,0.0148,0.0044,0.0168,0.0521,0.03,Pedone,0.1966,Area probabilmente libera o con ostacoli minori (Pedone al 19.7%).
Scena 1 (cc8c0b),6,fca0353274424116948fa1f10be1fc29,17,37.511,29.92,0.2902,0.1227,0.0966,0.1466,0.097,0.0618,0.0242,0.0164,0.0517,0.042,Auto,0.2902,Presenza potenziale: Auto (29.0%) stimata sulla superficie semantica di appoggio.
Scena 1 (cc8c0b),6,fca0353274424116948fa1f10be1fc29,18,0.016,6.91,0.01,0.2,0.0,0.05,0.01,0.0,0.0,0.2,0.1,0.1,Pedone,0.2,Presenza potenziale: Pedone (20.0%) stimata sulla superficie semantica di appoggio.
Scena 1 (cc8c0b),6,fca0353274424116948fa1f10be1fc29,19,20.278,27.45,0.01,0.2,0.0,0.05,0.01,0.0,0.0,0.2,0.1,0.1,Pedone,0.2,Presenza potenziale: Pedone (20.0%) stimata sulla superficie semantica di appoggio.
Scena 1 (cc8c0b),6,fca0353274424116948fa1f10be1fc29,20,25.42,41.09,0.01,0.2,0.0,0.05,0.01,0.0,0.0,0.2,0.1,0.1,Pedone,0.2,Presenza potenziale: Pedone (20.0%) stimata sulla superficie semantica di appoggio.
Scena 1 (cc8c0b),6,fca0353274424116948fa1f10be1fc29,21,20.033,43.24,0.01,0.2,0.0,0.05,0.01,0.0,0.0,0.2,0.1,0.1,Pedone,0.2,Presenza potenziale: Pedone (20.0%) stimata sulla superficie semantica di appoggio.
Scena 1 (cc8c0b),6,fca0353274424116948fa1f10be1fc29,22,60.869,25.66,0.01,0.2,0.0,0.05,0.01,0.0,0.0,0.2,0.1,0.1,Pedone,0.2,Presenza potenziale: Pedone (20.0%) stimata sulla superficie semantica di appoggio.
Scena 1 (cc8c0b),6,fca0353274424116948fa1f10be1fc29,23,1.539,23.41,0.01,0.2,0.0,0.05,0.01,0.0,0.0,0.2,0.1,0.1,Pedone,0.2,Presenza potenziale: Pedone (20.0%) stimata sulla superficie semantica di appoggio.
Scena 1 (cc8c0b),6,fca0353274424116948fa1f10be1fc29,24,39.546,26.05,0.01,0.2,0.0,0.05,0.01,0.0,0.0,0.2,0.1,0.1,Pedone,0.2,Presenza potenziale: Pedone (20.0%) stimata sulla superficie semantica di appoggio.
Scena 1 (cc8c0b),6,fca0353274424116948fa1f10be1fc29,25,76.726,40.14,0.0101,0.1987,0.0,0.0526,0.0123,0.0,0.0,0.195,0.0987,0.0978,Pedone,0.1987,Area probabilmente libera o con ostacoli minori (Pedone al 19.9%).
Scena 1 (cc8c0b),6,fca0353274424116948fa1f10be1fc29,26,68.901,42.07,0.0101,0.2006,0.0,0.0506,0.01,0.0,0.0,0.1998,0.1,0.0998,Pedone,0.2006,Presenza potenziale: Pedone (20.1%) stimata sulla superficie semantica di appoggio.
Scena 1 (cc8c0b),6,fca0353274424116948fa1f10be1fc29,27,38.593,32.38,0.01,0.2,0.0,0.05,0.01,0.0,0.0,0.2,0.1,0.1,Pedone,0.2,Presenza potenziale: Pedone (20.0%) stimata sulla superficie semantica di appoggio.
Scena 1 (cc8c0b),6,fca0353274424116948fa1f10be1fc29,28,30.742,29.79,0.01,0.95,0.0,0.05,0.01,0.0,0.0,0.2,0.1,0.1,Pedone,0.95,Forte indizio di presenza: Pedone (95.0%) in base alla memoria temporale causale.
Scena 1 (cc8c0b),6,fca0353274424116948fa1f10be1fc29,29,50.739,35.79,0.01,0.2,0.0,0.05,0.01,0.0,0.0,0.2,0.1,0.1,Pedone,0.2,Presenza potenziale: Pedone (20.0%) stimata sulla superficie semantica di appoggio.
Scena 1 (cc8c0b),6,fca0353274424116948fa1f10be1fc29,30,11.104,31.5,0.01,0.2,0.0,0.05,0.01,0.0,0.0,0.2,0.1,0.1,Pedone,0.2,Presenza potenziale: Pedone (20.0%) stimata sulla superficie semantica di appoggio.
Scena 1 (cc8c0b),6,fca0353274424116948fa1f10be1fc29,31,0.802,42.76,0.0226,0.2945,0.0063,0.1445,0.0163,0.0,0.0,0.1685,0.1,0.0685,Pedone,0.2945,Presenza potenziale: Pedone (29.4%) stimata sulla superficie semantica di appoggio.
Scena 1 (cc8c0b),6,fca0353274424116948fa1f10be1fc29,32,25.425,28.03,0.01,0.2,0.0,0.05,0.01,0.0,0.0,0.2,0.1,0.1,Pedone,0.2,Presenza potenziale: Pedone (20.0%) stimata sulla superficie semantica di appoggio.
Scena 1 (cc8c0b),6,fca0353274424116948fa1f10be1fc29,33,1.673,44.09,0.0271,0.3281,0.0085,0.1781,0.0185,0.0,0.0,0.1573,0.1,0.0573,Pedone,0.3281,Presenza potenziale: Pedone (32.8%) stimata sulla superficie semantica di appoggio.
Scena 1 (cc8c0b),6,fca0353274424116948fa1f10be1fc29,34,33.681,29.02,0.01,0.95,0.0,0.05,0.01,0.0,0.0,0.2,0.1,0.1,Pedone,0.95,Forte indizio di presenza: Pedone (95.0%) in base alla memoria temporale causale.
Scena 1 (cc8c0b),6,fca0353274424116948fa1f10be1fc29,35,0.644,35.67,0.0,0.15,0.0,0.075,0.05,0.0,0.0,0.01,0.05,0.01,Pedone,0.15,Area probabilmente libera o con ostacoli minori (Pedone al 15.0%).
Scena 1 (cc8c0b),6,fca0353274424116948fa1f10be1fc29,36,3.186,48.25,0.01,0.2,0.0,0.05,0.01,0.0,0.0,0.2,0.1,0.1,Pedone,0.2,Presenza potenziale: Pedone (20.0%) stimata sulla superficie semantica di appoggio.
Scena 1 (cc8c0b),6,fca0353274424116948fa1f10be1fc29,37,74.03,20.35,0.0203,0.2774,0.0052,0.1274,0.0152,0.0,0.0,0.1742,0.1,0.0742,Pedone,0.2774,Presenza potenziale: Pedone (27.7%) stimata sulla superficie semantica di appoggio.
Scena 1 (cc8c0b),6,fca0353274424116948fa1f10be1fc29,38,229.114,6.99,0.1629,0.222,0.1035,0.1754,0.0594,0.0394,0.0246,0.0811,0.0754,0.95,Altro,0.95,Forte indizio di presenza: Altro (95.0%) in base alla memoria temporale causale.
Scena 1 (cc8c0b),6,fca0353274424116948fa1f10be1fc29,39,1.256,39.18,0.0002,0.151,0.0,0.0745,0.0492,0.0,0.0,0.0136,0.051,0.0117,Pedone,0.151,Area probabilmente libera o con ostacoli minori (Pedone al 15.1%).
Scena 1 (cc8c0b),6,fca0353274424116948fa1f10be1fc29,40,1.965,50.43,0.01,0.2,0.0,0.05,0.01,0.0,0.0,0.2,0.1,0.1,Pedone,0.2,Presenza potenziale: Pedone (20.0%) stimata sulla superficie semantica di appoggio.
Scena 1 (cc8c0b),6,fca0353274424116948fa1f10be1fc29,41,37.591,8.89,0.0197,0.95,0.0032,0.1658,0.0748,0.0,0.0,0.0541,0.0658,0.026,Pedone,0.95,Forte indizio di presenza: Pedone (95.0%) in base alla memoria temporale causale.
Scena 1 (cc8c0b),6,fca0353274424116948fa1f10be1fc29,42,2.754,36.34,0.0,0.15,0.0,0.075,0.05,0.0,0.0,0.01,0.05,0.01,Pedone,0.15,Area probabilmente libera o con ostacoli minori (Pedone al 15.0%).
Scena 1 (cc8c0b),6,fca0353274424116948fa1f10be1fc29,43,35.239,29.68,0.01,0.2,0.0,0.05,0.01,0.0,0.0,0.2,0.1,0.1,Pedone,0.2,Presenza potenziale: Pedone (20.0%) stimata sulla superficie semantica di appoggio.
Scena 1 (cc8c0b),6,fca0353274424116948fa1f10be1fc29,44,1.922,37.87,0.01,0.2,0.0,0.05,0.01,0.0,0.0,0.2,0.1,0.1,Pedone,0.2,Presenza potenziale: Pedone (20.0%) stimata sulla superficie semantica di appoggio.
Scena 1 (cc8c0b),6,fca0353274424116948fa1f10be1fc29,45,8.73,32.63,0.0133,0.1674,0.0,0.1152,0.0687,0.0,0.0,0.0761,0.0674,0.0446,Pedone,0.1674,Area probabilmente libera o con ostacoli minori (Pedone al 16.7%).
Scena 1 (cc8c0b),6,fca0353274424116948fa1f10be1fc29,46,26.807,28.84,0.01,0.2,0.0,0.05,0.01,0.0,0.0,0.2,0.1,0.1,Pedone,0.2,Presenza potenziale: Pedone (20.0%) stimata sulla superficie semantica di appoggio.
Scena 1 (cc8c0b),6,fca0353274424116948fa1f10be1fc29,47,0.707,35.89,0.03,0.35,0.01,0.2,0.02,0.0,0.0,0.15,0.1,0.05,Pedone,0.35,Presenza potenziale: Pedone (35.0%) stimata sulla superficie semantica di appoggio.
Scena 1 (cc8c0b),6,fca0353274424116948fa1f10be1fc29,48,5.931,34.37,0.015,0.15,0.0,0.15,0.1,0.0,0.0,0.01,0.05,0.015,Pedone,0.15,Area probabilmente libera o con ostacoli minori (Pedone al 15.0%).
Scena 1 (cc8c0b),6,fca0353274424116948fa1f10be1fc29,49,6.353,48.38,0.01,0.2,0.0,0.05,0.01,0.0,0.0,0.2,0.1,0.1,Pedone,0.2,Presenza potenziale: Pedone (20.0%) stimata sulla superficie semantica di appoggio.
Scena 1 (cc8c0b),6,fca0353274424116948fa1f10be1fc29,50,2.408,33.96,0.0,0.15,0.0,0.075,0.05,0.0,0.0,0.01,0.05,0.01,Pedone,0.15,Area probabilmente libera o con ostacoli minori (Pedone al 15.0%).
Scena 1 (cc8c0b),6,fca0353274424116948fa1f10be1fc29,51,28.809,28.9,0.3,0.12,0.1,0.15,0.1,0.064,0.025,0.01,0.05,0.04,Auto,0.3,Presenza potenziale: Auto (30.0%) stimata sulla superficie semantica di appoggio.
Scena 1 (cc8c0b),7,bba3bbf8fb5b443d91ce478600ac3b49,0,117.598,22.02,0.0153,0.24,0.0027,0.09,0.0127,0.0,0.0,0.1867,0.1,0.0867,Pedone,0.24,Presenza potenziale: Pedone (24.0%) stimata sulla superficie semantica di appoggio.
Scena 1 (cc8c0b),7,bba3bbf8fb5b443d91ce478600ac3b49,1,94.087,20.36,0.0133,0.225,0.0017,0.075,0.0117,0.0,0.0,0.1917,0.1,0.0917,Pedone,0.225,Presenza potenziale: Pedone (22.5%) stimata sulla superficie semantica di appoggio.
Scena 1 (cc8c0b),7,bba3bbf8fb5b443d91ce478600ac3b49,2,119.602,17.02,0.0161,0.2459,0.0031,0.0959,0.0131,0.0,0.0,0.1847,0.1,0.0847,Pedone,0.2459,Presenza potenziale: Pedone (24.6%) stimata sulla superficie semantica di appoggio.
Scena 1 (cc8c0b),7,bba3bbf8fb5b443d91ce478600ac3b49,3,121.254,17.41,0.0135,0.95,0.0018,0.0764,0.0118,0.0,0.0,0.1912,0.95,0.0912,Pedone,0.95,Forte indizio di presenza: Pedone (95.0%) in base alla memoria temporale causale.
Scena 1 (cc8c0b),7,bba3bbf8fb5b443d91ce478600ac3b49,4,52.825,18.3,0.0149,0.2366,0.0024,0.0866,0.0124,0.0,0.0,0.1878,0.1,0.0878,Pedone,0.2366,Presenza potenziale: Pedone (23.7%) stimata sulla superficie semantica di appoggio.
Scena 1 (cc8c0b),7,bba3bbf8fb5b443d91ce478600ac3b49,5,55.609,17.27,0.0135,0.2264,0.0018,0.0764,0.0118,0.0,0.0,0.1912,0.1,0.0912,Pedone,0.2264,Presenza potenziale: Pedone (22.6%) stimata sulla superficie semantica di appoggio.
Scena 1 (cc8c0b),7,bba3bbf8fb5b443d91ce478600ac3b49,6,134.139,18.76,0.0164,0.2483,0.0032,0.0989,0.0136,0.0,0.0,0.1822,0.0996,0.083,Pedone,0.2483,Presenza potenziale: Pedone (24.8%) stimata sulla superficie semantica di appoggio.
Scena 1 (cc8c0b),7,bba3bbf8fb5b443d91ce478600ac3b49,7,125.925,20.33,0.0291,0.3377,0.0094,0.1969,0.0249,0.0,0.0,0.1414,0.0969,0.0478,Pedone,0.3377,Presenza potenziale: Pedone (33.8%) stimata sulla superficie semantica di appoggio.
Scena 1 (cc8c0b),7,bba3bbf8fb5b443d91ce478600ac3b49,8,124.716,21.3,0.0178,0.2583,0.0039,0.1085,0.014,0.0,0.0,0.1802,0.0999,0.0804,Pedone,0.2583,Presenza potenziale: Pedone (25.8%) stimata sulla superficie semantica di appoggio.
Scena 1 (cc8c0b),7,bba3bbf8fb5b443d91ce478600ac3b49,9,91.83,18.74,0.0289,0.3348,0.0092,0.1962,0.0261,0.0,0.0,0.1393,0.0962,0.0473,Pedone,0.3348,Presenza potenziale: Pedone (33.5%) stimata sulla superficie semantica di appoggio.
Scena 1 (cc8c0b),7,bba3bbf8fb5b443d91ce478600ac3b49,10,189.169,14.19,0.0438,0.3271,0.0134,0.1943,0.0292,0.0018,0.0006,0.1339,0.0943,0.0477,Pedone,0.3271,Presenza potenziale: Pedone (32.7%) stimata sulla superficie semantica di appoggio.
Scena 1 (cc8c0b),7,bba3bbf8fb5b443d91ce478600ac3b49,11,195.844,13.33,0.0857,0.3025,0.0286,0.1897,0.0365,0.0132,0.0052,0.1211,0.0897,0.0479,Pedone,0.3025,Presenza potenziale: Pedone (30.2%) stimata sulla superficie semantica di appoggio.
Scena 1 (cc8c0b),7,bba3bbf8fb5b443d91ce478600ac3b49,12,203.982,22.62,0.2458,0.175,0.1608,0.1592,0.0849,0.0628,0.0384,0.0278,0.0548,0.049,Auto,0.2458,Presenza potenziale: Auto (24.6%) stimata sulla superficie semantica di appoggio.
Scena 1 (cc8c0b),7,bba3bbf8fb5b443d91ce478600ac3b49,13,22.02,33.57,0.3,0.12,0.1,0.15,0.1,0.064,0.025,0.01,0.05,0.04,Auto,0.3,Presenza potenziale: Auto (30.0%) stimata sulla superficie semantica di appoggio.
Scena 1 (cc8c0b),7,bba3bbf8fb5b443d91ce478600ac3b49,14,50.646,28.66,0.01,0.2,0.0,0.05,0.01,0.0,0.0,0.2,0.1,0.1,Pedone,0.2,Presenza potenziale: Pedone (20.0%) stimata sulla superficie semantica di appoggio.
Scena 1 (cc8c0b),7,bba3bbf8fb5b443d91ce478600ac3b49,15,23.325,24.7,0.01,0.2,0.0,0.05,0.01,0.0,0.0,0.2,0.1,0.1,Pedone,0.2,Presenza potenziale: Pedone (20.0%) stimata sulla superficie semantica di appoggio.
Scena 1 (cc8c0b),7,bba3bbf8fb5b443d91ce478600ac3b49,16,6.086,32.76,0.0131,0.2236,0.0016,0.0736,0.0116,0.0,0.0,0.1921,0.1,0.0921,Pedone,0.2236,Presenza potenziale: Pedone (22.4%) stimata sulla superficie semantica di appoggio.
Scena 1 (cc8c0b),7,bba3bbf8fb5b443d91ce478600ac3b49,17,28.392,37.14,0.0123,0.217,0.0011,0.067,0.0111,0.0,0.0,0.1943,0.1,0.0943,Pedone,0.217,Presenza potenziale: Pedone (21.7%) stimata sulla superficie semantica di appoggio.
Scena 1 (cc8c0b),7,bba3bbf8fb5b443d91ce478600ac3b49,18,43.488,31.28,0.01,0.2,0.0,0.05,0.01,0.0,0.0,0.2,0.1,0.1,Pedone,0.2,Presenza potenziale: Pedone (20.0%) stimata sulla superficie semantica di appoggio.
Scena 1 (cc8c0b),7,bba3bbf8fb5b443d91ce478600ac3b49,19,74.431,39.19,0.0103,0.1974,0.0,0.0552,0.0147,0.0,0.0,0.19,0.0974,0.0955,Pedone,0.1974,Area probabilmente libera o con ostacoli minori (Pedone al 19.7%).
Scena 1 (cc8c0b),7,bba3bbf8fb5b443d91ce478600ac3b49,20,49.664,37.47,0.01,0.2,0.0,0.05,0.01,0.0,0.0,0.2,0.1,0.1,Pedone,0.2,Presenza potenziale: Pedone (20.0%) stimata sulla superficie semantica di appoggio.
Scena 1 (cc8c0b),7,bba3bbf8fb5b443d91ce478600ac3b49,21,1.565,29.57,0.01,0.2,0.0,0.05,0.01,0.0,0.0,0.2,0.1,0.1,Pedone,0.2,Presenza potenziale: Pedone (20.0%) stimata sulla superficie semantica di appoggio.
Scena 1 (cc8c0b),7,bba3bbf8fb5b443d91ce478600ac3b49,22,1.858,31.54,0.01,0.2,0.0,0.05,0.01,0.0,0.0,0.2,0.1,0.1,Pedone,0.2,Presenza potenziale: Pedone (20.0%) stimata sulla superficie semantica di appoggio.
Scena 1 (cc8c0b),7,bba3bbf8fb5b443d91ce478600ac3b49,23,12.807,32.1,0.01,0.2,0.0,0.05,0.01,0.0,0.0,0.2,0.1,0.1,Pedone,0.2,Presenza potenziale: Pedone (20.0%) stimata sulla superficie semantica di appoggio.
Scena 1 (cc8c0b),7,bba3bbf8fb5b443d91ce478600ac3b49,24,10.085,26.29,0.01,0.2,0.0,0.05,0.01,0.0,0.0,0.2,0.1,0.1,Pedone,0.2,Presenza potenziale: Pedone (20.0%) stimata sulla superficie semantica di appoggio.
Scena 1 (cc8c0b),7,bba3bbf8fb5b443d91ce478600ac3b49,25,8.465,54.74,0.0997,0.2098,0.0268,0.1502,0.0669,0.0096,0.003,0.0722,0.0699,0.0445,Pedone,0.2098,Presenza potenziale: Pedone (21.0%) stimata sulla superficie semantica di appoggio.
Scena 1 (cc8c0b),7,bba3bbf8fb5b443d91ce478600ac3b49,26,8.795,40.87,0.0266,0.3243,0.0083,0.1743,0.0183,0.0,0.0,0.1586,0.1,0.0586,Pedone,0.3243,Presenza potenziale: Pedone (32.4%) stimata sulla superficie semantica di appoggio.
Scena 1 (cc8c0b),7,bba3bbf8fb5b443d91ce478600ac3b49,27,8.216,40.13,0.1239,0.3151,0.0409,0.1871,0.0771,0.0127,0.0029,0.0244,0.0539,0.0283,Pedone,0.3151,Presenza potenziale: Pedone (31.5%) stimata sulla superficie semantica di appoggio.
Scena 1 (cc8c0b),7,bba3bbf8fb5b443d91ce478600ac3b49,28,1.223,35.91,0.0148,0.2483,0.0049,0.1365,0.0352,0.0,0.0,0.0788,0.0746,0.0297,Pedone,0.2483,Presenza potenziale: Pedone (24.8%) stimata sulla superficie semantica di appoggio.
Scena 1 (cc8c0b),7,bba3bbf8fb5b443d91ce478600ac3b49,29,0.786,20.69,0.01,0.2,0.0,0.05,0.01,0.0,0.0,0.2,0.1,0.1,Pedone,0.2,Presenza potenziale: Pedone (20.0%) stimata sulla superficie semantica di appoggio.
Scena 1 (cc8c0b),7,bba3bbf8fb5b443d91ce478600ac3b49,30,3.77,45.56,0.01,0.2,0.0,0.05,0.01,0.0,0.0,0.2,0.1,0.1,Pedone,0.2,Presenza potenziale: Pedone (20.0%) stimata sulla superficie semantica di appoggio.
Scena 1 (cc8c0b),7,bba3bbf8fb5b443d91ce478600ac3b49,31,81.025,18.98,0.0196,0.2724,0.0048,0.1224,0.0148,0.0,0.0,0.1759,0.1,0.0759,Pedone,0.2724,Presenza potenziale: Pedone (27.2%) stimata sulla superficie semantica di appoggio.
Scena 1 (cc8c0b),7,bba3bbf8fb5b443d91ce478600ac3b49,32,4.554,41.47,0.0274,0.3304,0.0087,0.1804,0.0187,0.0,0.0,0.1565,0.1,0.0565,Pedone,0.3304,Presenza potenziale: Pedone (33.0%) stimata sulla superficie semantica di appoggio.
Scena 1 (cc8c0b),7,bba3bbf8fb5b443d91ce478600ac3b49,33,100.712,10.12,0.1585,0.95,0.102,0.1187,0.0566,0.0403,0.0252,0.0982,0.0748,0.0687,Pedone,0.95,Forte indizio di presenza: Pedone (95.0%) in base alla memoria temporale causale.
Scena 1 (cc8c0b),7,bba3bbf8fb5b443d91ce478600ac3b49,34,4.471,35.63,0.0412,0.3353,0.0206,0.1471,0.05,0.0041,0.0,0.0141,0.05,0.0141,Pedone,0.3353,Presenza potenziale: Pedone (33.5%) stimata sulla superficie semantica di appoggio.
Scena 1 (cc8c0b),7,bba3bbf8fb5b443d91ce478600ac3b49,35,0.179,12.3,0.003,0.1652,0.0,0.0674,0.0379,0.0,0.0,0.0676,0.0652,0.0373,Pedone,0.1652,Area probabilmente libera o con ostacoli minori (Pedone al 16.5%).
Scena 1 (cc8c0b),7,bba3bbf8fb5b443d91ce478600ac3b49,36,27.223,27.84,0.01,0.2,0.0,0.05,0.01,0.0,0.0,0.2,0.1,0.1,Pedone,0.2,Presenza potenziale: Pedone (20.0%) stimata sulla superficie semantica di appoggio.
Scena 1 (cc8c0b),7,bba3bbf8fb5b443d91ce478600ac3b49,37,3.502,36.26,0.0126,0.174,0.0,0.102,0.0568,0.0,0.0,0.1012,0.074,0.0558,Pedone,0.174,Area probabilmente libera o con ostacoli minori (Pedone al 17.4%).
Scena 1 (cc8c0b),7,bba3bbf8fb5b443d91ce478600ac3b49,38,3.749,35.75,0.0501,0.3392,0.0207,0.1922,0.0773,0.0041,0.0,0.0182,0.0515,0.0181,Pedone,0.3392,Presenza potenziale: Pedone (33.9%) stimata sulla superficie semantica di appoggio.
Scena 1 (cc8c0b),7,bba3bbf8fb5b443d91ce478600ac3b49,39,14.374,34.88,0.0185,0.2645,0.0044,0.1161,0.0152,0.0,0.0,0.1741,0.0989,0.0762,Pedone,0.2645,Presenza potenziale: Pedone (26.5%) stimata sulla superficie semantica di appoggio.
Scena 1 (cc8c0b),7,bba3bbf8fb5b443d91ce478600ac3b49,40,1.382,38.0,0.0,0.15,0.0,0.075,0.05,0.0,0.0,0.01,0.05,0.01,Pedone,0.15,Area probabilmente libera o con ostacoli minori (Pedone al 15.0%).
Scena 1 (cc8c0b),7,bba3bbf8fb5b443d91ce478600ac3b49,41,3.087,43.16,0.0296,0.3471,0.0098,0.1971,0.0198,0.0,0.0,0.151,0.1,0.051,Pedone,0.3471,Presenza potenziale: Pedone (34.7%) stimata sulla superficie semantica di appoggio.
Scena 1 (cc8c0b),7,bba3bbf8fb5b443d91ce478600ac3b49,42,0.84,37.52,0.0,0.15,0.0,0.075,0.05,0.0,0.0,0.01,0.05,0.01,Pedone,0.15,Area probabilmente libera o con ostacoli minori (Pedone al 15.0%).
Scena 1 (cc8c0b),7,bba3bbf8fb5b443d91ce478600ac3b49,43,23.187,27.11,0.126,0.19,0.034,0.16,0.084,0.0128,0.004,0.038,0.06,0.034,Pedone,0.19,Area probabilmente libera o con ostacoli minori (Pedone al 19.0%).
Scena 1 (cc8c0b),8,6d62c08a571148b69ce69a8fca44b72f,0,174.088,24.45,0.0149,0.2369,0.0025,0.0869,0.0125,0.0,0.0,0.1877,0.1,0.0877,Pedone,0.2369,Presenza potenziale: Pedone (23.7%) stimata sulla superficie semantica di appoggio.
Scena 1 (cc8c0b),8,6d62c08a571148b69ce69a8fca44b72f,1,47.763,20.61,0.0131,0.2236,0.0016,0.0736,0.0116,0.0,0.0,0.1921,0.1,0.0921,Pedone,0.2236,Presenza potenziale: Pedone (22.4%) stimata sulla superficie semantica di appoggio.
Scena 1 (cc8c0b),8,6d62c08a571148b69ce69a8fca44b72f,2,128.502,18.25,0.0176,0.2569,0.0038,0.1069,0.0138,0.0,0.0,0.181,0.1,0.081,Pedone,0.2569,Presenza potenziale: Pedone (25.7%) stimata sulla superficie semantica di appoggio.
Scena 1 (cc8c0b),8,6d62c08a571148b69ce69a8fca44b72f,3,109.99,17.13,0.0144,0.2329,0.0022,0.0829,0.0122,0.0,0.0,0.189,0.1,0.089,Pedone,0.2329,Presenza potenziale: Pedone (23.3%) stimata sulla superficie semantica di appoggio.
Scena 1 (cc8c0b),8,6d62c08a571148b69ce69a8fca44b72f,4,58.681,28.83,0.026,0.3202,0.008,0.1702,0.018,0.0,0.0,0.1599,0.1,0.0599,Pedone,0.3202,Presenza potenziale: Pedone (32.0%) stimata sulla superficie semantica di appoggio.
Scena 1 (cc8c0b),8,6d62c08a571148b69ce69a8fca44b72f,5,62.551,16.44,0.0134,0.2257,0.0017,0.0757,0.0117,0.0,0.0,0.1914,0.1,0.0914,Pedone,0.2257,Presenza potenziale: Pedone (22.6%) stimata sulla superficie semantica di appoggio.
Scena 1 (cc8c0b),8,6d62c08a571148b69ce69a8fca44b72f,6,136.224,16.78,0.0184,0.263,0.0042,0.1131,0.0143,0.0,0.0,0.1786,0.0999,0.0788,Pedone,0.263,Presenza potenziale: Pedone (26.3%) stimata sulla superficie semantica di appoggio.
Scena 1 (cc8c0b),8,6d62c08a571148b69ce69a8fca44b72f,7,145.869,17.73,0.0156,0.2406,0.0028,0.0935,0.0145,0.0,0.0,0.1825,0.099,0.0845,Pedone,0.2406,Presenza potenziale: Pedone (24.1%) stimata sulla superficie semantica di appoggio.
Scena 1 (cc8c0b),8,6d62c08a571148b69ce69a8fca44b72f,8,129.897,23.38,0.0198,0.95,0.0049,0.1239,0.0152,0.0,0.0,0.174,0.0996,0.0747,Pedone,0.95,Forte indizio di presenza: Pedone (95.0%) in base alla memoria temporale causale.
Scena 1 (cc8c0b),8,6d62c08a571148b69ce69a8fca44b72f,9,65.764,20.69,0.0149,0.95,0.0024,0.0866,0.0124,0.0,0.0,0.1878,0.1,0.0878,Pedone,0.95,Forte indizio di presenza: Pedone (95.0%) in base alla memoria temporale causale.
Scena 1 (cc8c0b),8,6d62c08a571148b69ce69a8fca44b72f,10,85.279,16.06,0.0142,0.2283,0.002,0.0842,0.0156,0.0,0.0,0.1824,0.098,0.0865,Pedone,0.2283,Presenza potenziale: Pedone (22.8%) stimata sulla superficie semantica di appoggio.
Scena 1 (cc8c0b),8,6d62c08a571148b69ce69a8fca44b72f,11,186.351,12.32,0.119,0.95,0.0397,0.1835,0.0464,0.0211,0.0082,0.1038,0.0835,0.0467,Pedone,0.95,Forte indizio di presenza: Pedone (95.0%) in base alla memoria temporale causale.
Scena 1 (cc8c0b),8,6d62c08a571148b69ce69a8fca44b72f,12,16.879,18.94,0.0212,0.2527,0.01,0.1202,0.0466,0.0018,0.0,0.0275,0.0556,0.0163,Pedone,0.2527,Presenza potenziale: Pedone (25.3%) stimata sulla superficie semantica di appoggio.
Scena 1 (cc8c0b),8,6d62c08a571148b69ce69a8fca44b72f,13,24.407,26.85,0.1285,0.2385,0.0384,0.16,0.0828,0.0135,0.0036,0.0284,0.0543,0.0342,Pedone,0.2385,Presenza potenziale: Pedone (23.8%) stimata sulla superficie semantica di appoggio.
Scena 1 (cc8c0b),8,6d62c08a571148b69ce69a8fca44b72f,14,8.423,37.34,0.3,0.12,0.1,0.15,0.1,0.064,0.025,0.01,0.05,0.04,Auto,0.3,Presenza potenziale: Auto (30.0%) stimata sulla superficie semantica di appoggio.
Scena 1 (cc8c0b),8,6d62c08a571148b69ce69a8fca44b72f,15,13.695,32.09,0.0098,0.1992,0.0,0.0504,0.0106,0.0,0.0,0.1969,0.0992,0.0986,Pedone,0.1992,Area probabilmente libera o con ostacoli minori (Pedone al 19.9%).
Scena 1 (cc8c0b),8,6d62c08a571148b69ce69a8fca44b72f,16,20.548,33.46,0.01,0.2,0.0,0.05,0.01,0.0,0.0,0.2,0.1,0.1,Pedone,0.2,Presenza potenziale: Pedone (20.0%) stimata sulla superficie semantica di appoggio.
Scena 1 (cc8c0b),8,6d62c08a571148b69ce69a8fca44b72f,17,96.671,19.34,0.014,0.2304,0.002,0.0805,0.0121,0.0,0.0,0.1896,0.0999,0.0897,Pedone,0.2304,Presenza potenziale: Pedone (23.0%) stimata sulla superficie semantica di appoggio.
Scena 1 (cc8c0b),8,6d62c08a571148b69ce69a8fca44b72f,18,34.482,32.01,0.01,0.2,0.0,0.05,0.01,0.0,0.0,0.2,0.1,0.1,Pedone,0.2,Presenza potenziale: Pedone (20.0%) stimata sulla superficie semantica di appoggio.
Scena 1 (cc8c0b),8,6d62c08a571148b69ce69a8fca44b72f,19,11.225,30.59,0.0122,0.2168,0.0011,0.0668,0.0111,0.0,0.0,0.1944,0.1,0.0944,Pedone,0.2168,Presenza potenziale: Pedone (21.7%) stimata sulla superficie semantica di appoggio.
Scena 1 (cc8c0b),8,6d62c08a571148b69ce69a8fca44b72f,20,2.727,35.49,0.01,0.2,0.0,0.05,0.01,0.0,0.0,0.2,0.1,0.1,Pedone,0.2,Presenza potenziale: Pedone (20.0%) stimata sulla superficie semantica di appoggio.
Scena 1 (cc8c0b),8,6d62c08a571148b69ce69a8fca44b72f,21,51.209,35.75,0.01,0.2,0.0,0.05,0.01,0.0,0.0,0.2,0.1,0.1,Pedone,0.2,Presenza potenziale: Pedone (20.0%) stimata sulla superficie semantica di appoggio.
Scena 1 (cc8c0b),8,6d62c08a571148b69ce69a8fca44b72f,22,32.967,33.21,0.01,0.2,0.0,0.05,0.01,0.0,0.0,0.2,0.1,0.1,Pedone,0.2,Presenza potenziale: Pedone (20.0%) stimata sulla superficie semantica di appoggio.
Scena 1 (cc8c0b),8,6d62c08a571148b69ce69a8fca44b72f,23,14.326,30.71,0.01,0.2,0.0,0.05,0.01,0.0,0.0,0.2,0.1,0.1,Pedone,0.2,Presenza potenziale: Pedone (20.0%) stimata sulla superficie semantica di appoggio.
Scena 1 (cc8c0b),8,6d62c08a571148b69ce69a8fca44b72f,24,23.193,33.03,0.01,0.2,0.0,0.05,0.01,0.0,0.0,0.2,0.1,0.1,Pedone,0.2,Presenza potenziale: Pedone (20.0%) stimata sulla superficie semantica di appoggio.
Scena 1 (cc8c0b),8,6d62c08a571148b69ce69a8fca44b72f,25,0.733,36.15,0.01,0.2,0.0,0.05,0.01,0.0,0.0,0.2,0.1,0.1,Pedone,0.2,Presenza potenziale: Pedone (20.0%) stimata sulla superficie semantica di appoggio.
Scena 1 (cc8c0b),8,6d62c08a571148b69ce69a8fca44b72f,26,26.279,24.71,0.01,0.2,0.0,0.05,0.01,0.0,0.0,0.2,0.1,0.1,Pedone,0.2,Presenza potenziale: Pedone (20.0%) stimata sulla superficie semantica di appoggio.
Scena 1 (cc8c0b),8,6d62c08a571148b69ce69a8fca44b72f,27,11.599,52.03,0.1216,0.1849,0.0326,0.1511,0.0813,0.0124,0.0039,0.045,0.0613,0.0379,Pedone,0.1849,Area probabilmente libera o con ostacoli minori (Pedone al 18.5%).
Scena 1 (cc8c0b),8,6d62c08a571148b69ce69a8fca44b72f,28,21.519,37.48,0.018,0.2612,0.0042,0.1145,0.016,0.0,0.0,0.1706,0.0978,0.075,Pedone,0.2612,Presenza potenziale: Pedone (26.1%) stimata sulla superficie semantica di appoggio.
Scena 1 (cc8c0b),8,6d62c08a571148b69ce69a8fca44b72f,29,28.254,25.3,0.01,0.2,0.0,0.05,0.01,0.0,0.0,0.2,0.1,0.1,Pedone,0.2,Presenza potenziale: Pedone (20.0%) stimata sulla superficie semantica di appoggio.
Scena 1 (cc8c0b),8,6d62c08a571148b69ce69a8fca44b72f,30,5.868,31.88,0.0257,0.2858,0.0113,0.1424,0.0407,0.0016,0.0,0.0549,0.0654,0.024,Pedone,0.2858,Presenza potenziale: Pedone (28.6%) stimata sulla superficie semantica di appoggio.
Scena 1 (cc8c0b),8,6d62c08a571148b69ce69a8fca44b72f,31,4.356,42.86,0.01,0.2,0.0,0.05,0.01,0.0,0.0,0.2,0.1,0.1,Pedone,0.2,Presenza potenziale: Pedone (20.0%) stimata sulla superficie semantica di appoggio.
Scena 1 (cc8c0b),8,6d62c08a571148b69ce69a8fca44b72f,32,119.372,18.18,0.0489,0.3184,0.0147,0.1921,0.0326,0.0025,0.0008,0.1279,0.0921,0.0468,Pedone,0.3184,Presenza potenziale: Pedone (31.8%) stimata sulla superficie semantica di appoggio.
Scena 1 (cc8c0b),8,6d62c08a571148b69ce69a8fca44b72f,33,48.735,13.83,0.2687,0.1019,0.1784,0.1392,0.0903,0.0714,0.0446,0.0305,0.0554,0.0554,Auto,0.2687,Presenza potenziale: Auto (26.9%) stimata sulla superficie semantica di appoggio.
Scena 1 (cc8c0b),8,6d62c08a571148b69ce69a8fca44b72f,34,0.166,38.74,0.05,0.375,0.025,0.1625,0.05,0.005,0.0,0.015,0.05,0.015,Pedone,0.375,Presenza potenziale: Pedone (37.5%) stimata sulla superficie semantica di appoggio.
Scena 1 (cc8c0b),8,6d62c08a571148b69ce69a8fca44b72f,35,9.487,31.84,0.0368,0.2654,0.0128,0.1756,0.0872,0.0026,0.0,0.0126,0.05,0.0163,Pedone,0.2654,Presenza potenziale: Pedone (26.5%) stimata sulla superficie semantica di appoggio.
Scena 1 (cc8c0b),8,6d62c08a571148b69ce69a8fca44b72f,36,0.192,24.14,0.01,0.2,0.0,0.05,0.01,0.0,0.0,0.2,0.1,0.1,Pedone,0.2,Presenza potenziale: Pedone (20.0%) stimata sulla superficie semantica di appoggio.
Scena 1 (cc8c0b),8,6d62c08a571148b69ce69a8fca44b72f,37,29.286,26.13,0.01,0.2,0.0,0.05,0.01,0.0,0.0,0.2,0.1,0.1,Pedone,0.2,Presenza potenziale: Pedone (20.0%) stimata sulla superficie semantica di appoggio.
Scena 1 (cc8c0b),8,6d62c08a571148b69ce69a8fca44b72f,38,48.587,47.19,0.0709,0.2043,0.0214,0.0904,0.0294,0.0128,0.005,0.1551,0.09,0.0812,Pedone,0.2043,Presenza potenziale: Pedone (20.4%) stimata sulla superficie semantica di appoggio.
Scena 1 (cc8c0b),8,6d62c08a571148b69ce69a8fca44b72f,39,0.563,37.56,0.0,0.15,0.0,0.075,0.05,0.0,0.0,0.01,0.05,0.01,Pedone,0.15,Area probabilmente libera o con ostacoli minori (Pedone al 15.0%).
Scena 1 (cc8c0b),8,6d62c08a571148b69ce69a8fca44b72f,40,22.886,25.3,0.01,0.2,0.0,0.05,0.01,0.0,0.0,0.2,0.1,0.1,Pedone,0.2,Presenza potenziale: Pedone (20.0%) stimata sulla superficie semantica di appoggio.
Scena 1 (cc8c0b),8,6d62c08a571148b69ce69a8fca44b72f,41,8.623,31.74,0.0382,0.2727,0.0136,0.1773,0.0864,0.0027,0.0,0.0127,0.05,0.0164,Pedone,0.2727,Presenza potenziale: Pedone (27.3%) stimata sulla superficie semantica di appoggio.
Scena 1 (cc8c0b),8,6d62c08a571148b69ce69a8fca44b72f,42,1.527,34.09,0.0061,0.1835,0.0006,0.0727,0.0315,0.0,0.0,0.0975,0.0739,0.0498,Pedone,0.1835,Area probabilmente libera o con ostacoli minori (Pedone al 18.4%).
Scena 1 (cc8c0b),8,6d62c08a571148b69ce69a8fca44b72f,43,9.794,39.86,0.0204,0.2782,0.0053,0.1295,0.0159,0.0,0.0,0.1704,0.0992,0.0721,Pedone,0.2782,Presenza potenziale: Pedone (27.8%) stimata sulla superficie semantica di appoggio.
Scena 1 (cc8c0b),8,6d62c08a571148b69ce69a8fca44b72f,44,0.17,38.56,0.05,0.375,0.025,0.1625,0.05,0.005,0.0,0.015,0.05,0.015,Pedone,0.375,Presenza potenziale: Pedone (37.5%) stimata sulla superficie semantica di appoggio.
Scena 1 (cc8c0b),8,6d62c08a571148b69ce69a8fca44b72f,45,39.062,25.28,0.235,0.1754,0.0783,0.162,0.0807,0.0486,0.019,0.0437,0.062,0.0424,Auto,0.235,Presenza potenziale: Auto (23.5%) stimata sulla superficie semantica di appoggio.
Scena 1 (cc8c0b),9,07963799cc9d4a19bd0d9076e4a00da4,0,127.802,27.7,0.0147,0.2349,0.0023,0.0849,0.0123,0.0,0.0,0.1884,0.1,0.0884,Pedone,0.2349,Presenza potenziale: Pedone (23.5%) stimata sulla superficie semantica di appoggio.
Scena 1 (cc8c0b),9,07963799cc9d4a19bd0d9076e4a00da4,1,119.066,20.36,0.0159,0.244,0.0029,0.094,0.0129,0.0,0.0,0.1853,0.1,0.0853,Pedone,0.244,Presenza potenziale: Pedone (24.4%) stimata sulla superficie semantica di appoggio.
Scena 1 (cc8c0b),9,07963799cc9d4a19bd0d9076e4a00da4,2,96.242,18.75,0.0171,0.2536,0.0036,0.1036,0.0136,0.0,0.0,0.1821,0.1,0.0821,Pedone,0.2536,Presenza potenziale: Pedone (25.4%) stimata sulla superficie semantica di appoggio.
Scena 1 (cc8c0b),9,07963799cc9d4a19bd0d9076e4a00da4,3,17.139,34.46,0.0237,0.3024,0.0068,0.1524,0.0168,0.0,0.0,0.1659,0.1,0.0659,Pedone,0.3024,Presenza potenziale: Pedone (30.2%) stimata sulla superficie semantica di appoggio.
Scena 1 (cc8c0b),9,07963799cc9d4a19bd0d9076e4a00da4,4,27.026,32.1,0.0249,0.3116,0.0074,0.1616,0.0174,0.0,0.0,0.1628,0.1,0.0628,Pedone,0.3116,Presenza potenziale: Pedone (31.2%) stimata sulla superficie semantica di appoggio.
Scena 1 (cc8c0b),9,07963799cc9d4a19bd0d9076e4a00da4,5,52.359,16.85,0.0133,0.95,0.0016,0.0747,0.0116,0.0,0.0,0.1918,0.1,0.0918,Pedone,0.95,Forte indizio di presenza: Pedone (95.0%) in base alla memoria temporale causale.
Scena 1 (cc8c0b),9,07963799cc9d4a19bd0d9076e4a00da4,6,134.18,16.2,0.0138,0.2283,0.0019,0.0783,0.0119,0.0,0.0,0.1906,0.1,0.0906,Pedone,0.2283,Presenza potenziale: Pedone (22.8%) stimata sulla superficie semantica di appoggio.
Scena 1 (cc8c0b),9,07963799cc9d4a19bd0d9076e4a00da4,7,142.437,16.34,0.0295,0.3429,0.0096,0.1982,0.0228,0.0,0.0,0.1451,0.0982,0.0488,Pedone,0.3429,Presenza potenziale: Pedone (34.3%) stimata sulla superficie semantica di appoggio.
Scena 1 (cc8c0b),9,07963799cc9d4a19bd0d9076e4a00da4,8,76.317,26.61,0.024,0.3051,0.007,0.1551,0.017,0.0,0.0,0.165,0.1,0.065,Pedone,0.3051,Presenza potenziale: Pedone (30.5%) stimata sulla superficie semantica di appoggio.
Scena 1 (cc8c0b),9,07963799cc9d4a19bd0d9076e4a00da4,9,46.138,24.28,0.0175,0.256,0.0037,0.106,0.0137,0.0,0.0,0.1813,0.1,0.0813,Pedone,0.256,Presenza potenziale: Pedone (25.6%) stimata sulla superficie semantica di appoggio.
Scena 1 (cc8c0b),9,07963799cc9d4a19bd0d9076e4a00da4,10,48.644,17.2,0.0282,0.3261,0.0088,0.194,0.0296,0.0,0.0,0.1332,0.094,0.0458,Pedone,0.3261,Presenza potenziale: Pedone (32.6%) stimata sulla superficie semantica di appoggio.
Scena 1 (cc8c0b),9,07963799cc9d4a19bd0d9076e4a00da4,11,114.811,18.41,0.0211,0.95,0.0042,0.0906,0.0165,0.0007,0.0002,0.1794,0.0977,0.0848,Pedone,0.95,Forte indizio di presenza: Pedone (95.0%) in base alla memoria temporale causale.
Scena 1 (cc8c0b),9,07963799cc9d4a19bd0d9076e4a00da4,12,95.046,13.27,0.0217,0.95,0.004,0.0793,0.0171,0.001,0.0003,0.1806,0.0969,0.088,Pedone,0.95,Forte indizio di presenza: Pedone (95.0%) in base alla memoria temporale causale.
Scena 1 (cc8c0b),9,07963799cc9d4a19bd0d9076e4a00da4,13,84.343,12.78,0.0229,0.95,0.0043,0.08,0.0178,0.0011,0.0003,0.179,0.0965,0.0874,Pedone,0.95,Forte indizio di presenza: Pedone (95.0%) in base alla memoria temporale causale.
Scena 1 (cc8c0b),9,07963799cc9d4a19bd0d9076e4a00da4,14,104.566,18.5,0.2766,0.1497,0.1824,0.1617,0.0941,0.0718,0.0441,0.0112,0.05,0.0465,Auto,0.2766,Presenza potenziale: Auto (27.7%) stimata sulla superficie semantica di appoggio.
Scena 1 (cc8c0b),9,07963799cc9d4a19bd0d9076e4a00da4,15,26.112,23.48,0.1422,0.2197,0.0415,0.1654,0.0922,0.0151,0.0042,0.0117,0.05,0.0285,Pedone,0.2197,Presenza potenziale: Pedone (22.0%) stimata sulla superficie semantica di appoggio.
Scena 1 (cc8c0b),9,07963799cc9d4a19bd0d9076e4a00da4,16,13.946,34.05,0.3,0.12,0.1,0.15,0.1,0.064,0.025,0.01,0.05,0.04,Auto,0.3,Presenza potenziale: Auto (30.0%) stimata sulla superficie semantica di appoggio.
Scena 1 (cc8c0b),9,07963799cc9d4a19bd0d9076e4a00da4,17,72.271,18.84,0.078,0.2503,0.0248,0.137,0.0328,0.013,0.0051,0.139,0.0898,0.0655,Pedone,0.2503,Presenza potenziale: Pedone (25.0%) stimata sulla superficie semantica di appoggio.
Scena 1 (cc8c0b),9,07963799cc9d4a19bd0d9076e4a00da4,18,14.077,39.89,0.01,0.2,0.0,0.05,0.01,0.0,0.0,0.2,0.1,0.1,Pedone,0.2,Presenza potenziale: Pedone (20.0%) stimata sulla superficie semantica di appoggio.
Scena 1 (cc8c0b),9,07963799cc9d4a19bd0d9076e4a00da4,19,21.163,35.07,0.01,0.2,0.0,0.05,0.01,0.0,0.0,0.2,0.1,0.1,Pedone,0.2,Presenza potenziale: Pedone (20.0%) stimata sulla superficie semantica di appoggio.
Scena 1 (cc8c0b),9,07963799cc9d4a19bd0d9076e4a00da4,20,47.049,20.52,0.01,0.2,0.0,0.05,0.01,0.0,0.0,0.2,0.1,0.1,Pedone,0.2,Presenza potenziale: Pedone (20.0%) stimata sulla superficie semantica di appoggio.
Scena 1 (cc8c0b),9,07963799cc9d4a19bd0d9076e4a00da4,21,21.167,28.06,0.01,0.2,0.0,0.05,0.01,0.0,0.0,0.2,0.1,0.1,Pedone,0.2,Presenza potenziale: Pedone (20.0%) stimata sulla superficie semantica di appoggio.
Scena 1 (cc8c0b),9,07963799cc9d4a19bd0d9076e4a00da4,22,25.094,33.72,0.01,0.2,0.0,0.05,0.01,0.0,0.0,0.2,0.1,0.1,Pedone,0.2,Presenza potenziale: Pedone (20.0%) stimata sulla superficie semantica di appoggio.
Scena 1 (cc8c0b),9,07963799cc9d4a19bd0d9076e4a00da4,23,48.731,37.44,0.01,0.2,0.0,0.05,0.01,0.0,0.0,0.2,0.1,0.1,Pedone,0.2,Presenza potenziale: Pedone (20.0%) stimata sulla superficie semantica di appoggio.
Scena 1 (cc8c0b),9,07963799cc9d4a19bd0d9076e4a00da4,24,14.136,35.38,0.01,0.2,0.0,0.05,0.01,0.0,0.0,0.2,0.1,0.1,Pedone,0.2,Presenza potenziale: Pedone (20.0%) stimata sulla superficie semantica di appoggio.
Scena 1 (cc8c0b),9,07963799cc9d4a19bd0d9076e4a00da4,25,33.841,30.73,0.01,0.2,0.0,0.05,0.01,0.0,0.0,0.2,0.1,0.95,Altro,0.95,Forte indizio di presenza: Altro (95.0%) in base alla memoria temporale causale.
Scena 1 (cc8c0b),9,07963799cc9d4a19bd0d9076e4a00da4,26,24.449,34.15,0.01,0.2,0.0,0.05,0.01,0.0,0.0,0.2,0.1,0.1,Pedone,0.2,Presenza potenziale: Pedone (20.0%) stimata sulla superficie semantica di appoggio.
Scena 1 (cc8c0b),9,07963799cc9d4a19bd0d9076e4a00da4,27,20.671,23.76,0.01,0.2,0.0,0.05,0.01,0.0,0.0,0.2,0.1,0.1,Pedone,0.2,Presenza potenziale: Pedone (20.0%) stimata sulla superficie semantica di appoggio.
Scena 1 (cc8c0b),9,07963799cc9d4a19bd0d9076e4a00da4,28,9.673,49.81,0.95,0.14,0.0863,0.1443,0.0877,0.0549,0.0214,0.0343,0.0571,0.0457,Auto,0.95,Forte indizio di presenza: Auto (95.0%) in base alla memoria temporale causale.
Scena 1 (cc8c0b),9,07963799cc9d4a19bd0d9076e4a00da4,29,13.693,34.65,0.0175,0.2295,0.003,0.1259,0.0408,0.0,0.0,0.1262,0.0845,0.0587,Pedone,0.2295,Presenza potenziale: Pedone (22.9%) stimata sulla superficie semantica di appoggio.
Scena 1 (cc8c0b),9,07963799cc9d4a19bd0d9076e4a00da4,30,23.644,24.1,0.01,0.2,0.0,0.05,0.01,0.0,0.0,0.2,0.1,0.1,Pedone,0.2,Presenza potenziale: Pedone (20.0%) stimata sulla superficie semantica di appoggio.
Scena 1 (cc8c0b),9,07963799cc9d4a19bd0d9076e4a00da4,31,11.3,51.16,0.95,0.151,0.0392,0.1481,0.0983,0.0157,0.0049,0.0136,0.051,0.0313,Auto,0.95,Forte indizio di presenza: Auto (95.0%) in base alla memoria temporale causale.
Scena 1 (cc8c0b),9,07963799cc9d4a19bd0d9076e4a00da4,32,14.785,33.63,0.0517,0.3442,0.0216,0.1932,0.0784,0.0043,0.0,0.0143,0.05,0.0172,Pedone,0.3442,Presenza potenziale: Pedone (34.4%) stimata sulla superficie semantica di appoggio.
Scena 1 (cc8c0b),9,07963799cc9d4a19bd0d9076e4a00da4,33,0.338,28.38,0.0163,0.252,0.006,0.1354,0.0368,0.0003,0.0,0.0719,0.072,0.0279,Pedone,0.252,Presenza potenziale: Pedone (25.2%) stimata sulla superficie semantica di appoggio.
Scena 1 (cc8c0b),9,07963799cc9d4a19bd0d9076e4a00da4,34,10.08,24.6,0.0168,0.2511,0.0034,0.1011,0.0134,0.0,0.0,0.183,0.1,0.083,Pedone,0.2511,Presenza potenziale: Pedone (25.1%) stimata sulla superficie semantica di appoggio.
Scena 1 (cc8c0b),9,07963799cc9d4a19bd0d9076e4a00da4,35,4.452,40.65,0.01,0.2,0.0,0.05,0.01,0.0,0.0,0.2,0.1,0.1,Pedone,0.2,Presenza potenziale: Pedone (20.0%) stimata sulla superficie semantica di appoggio.
Scena 1 (cc8c0b),9,07963799cc9d4a19bd0d9076e4a00da4,36,109.15,17.86,0.1604,0.2245,0.1017,0.1759,0.0586,0.0386,0.0241,0.0824,0.0759,0.05,Pedone,0.2245,Presenza potenziale: Pedone (22.4%) stimata sulla superficie semantica di appoggio.
Scena 1 (cc8c0b),9,07963799cc9d4a19bd0d9076e4a00da4,37,12.563,35.28,0.0228,0.2538,0.0052,0.176,0.0585,0.0,0.0,0.0827,0.076,0.0332,Pedone,0.2538,Presenza potenziale: Pedone (25.4%) stimata sulla superficie semantica di appoggio.
Scena 1 (cc8c0b),9,07963799cc9d4a19bd0d9076e4a00da4,38,65.577,17.14,0.2196,0.1205,0.1445,0.1223,0.075,0.0578,0.0361,0.0627,0.0639,0.0639,Auto,0.2196,Presenza potenziale: Auto (22.0%) stimata sulla superficie semantica di appoggio.
Scena 1 (cc8c0b),9,07963799cc9d4a19bd0d9076e4a00da4,39,1.331,35.82,0.0413,0.3357,0.0206,0.1472,0.05,0.0041,0.0,0.0141,0.05,0.0141,Pedone,0.3357,Presenza potenziale: Pedone (33.6%) stimata sulla superficie semantica di appoggio.
Scena 1 (cc8c0b),9,07963799cc9d4a19bd0d9076e4a00da4,40,14.17,28.56,0.0308,0.2339,0.0093,0.1686,0.0907,0.0019,0.0,0.0119,0.05,0.0159,Pedone,0.2339,Presenza potenziale: Pedone (23.4%) stimata sulla superficie semantica di appoggio.
Scena 1 (cc8c0b),9,07963799cc9d4a19bd0d9076e4a00da4,41,7.433,19.4,0.0132,0.168,0.0,0.114,0.0676,0.0,0.0,0.0784,0.068,0.0456,Pedone,0.168,Area probabilmente libera o con ostacoli minori (Pedone al 16.8%).
Scena 1 (cc8c0b),9,07963799cc9d4a19bd0d9076e4a00da4,42,0.384,23.1,0.01,0.2,0.0,0.05,0.01,0.0,0.0,0.2,0.1,0.1,Pedone,0.2,Presenza potenziale: Pedone (20.0%) stimata sulla superficie semantica di appoggio.
Scena 1 (cc8c0b),9,07963799cc9d4a19bd0d9076e4a00da4,43,4.975,32.01,0.0042,0.1779,0.0014,0.0924,0.0458,0.0,0.0,0.0295,0.057,0.0156,Pedone,0.1779,Area probabilmente libera o con ostacoli minori (Pedone al 17.8%).
Scena 1 (cc8c0b),9,07963799cc9d4a19bd0d9076e4a00da4,44,26.31,24.99,0.01,0.2,0.0,0.05,0.01,0.0,0.0,0.2,0.1,0.1,Pedone,0.2,Presenza potenziale: Pedone (20.0%) stimata sulla superficie semantica di appoggio.
Scena 1 (cc8c0b),9,07963799cc9d4a19bd0d9076e4a00da4,45,0.183,38.27,0.0,0.15,0.0,0.075,0.05,0.0,0.0,0.01,0.05,0.01,Pedone,0.15,Area probabilmente libera o con ostacoli minori (Pedone al 15.0%).
Scena 1 (cc8c0b),9,07963799cc9d4a19bd0d9076e4a00da4,46,62.767,44.68,0.95,0.181,0.0758,0.109,0.0449,0.0297,0.0186,0.1221,0.95,0.0741,Auto,0.95,Forte indizio di presenza: Auto (95.0%) in base alla memoria temporale causale.
Scena 1 (cc8c0b),9,07963799cc9d4a19bd0d9076e4a00da4,47,12.078,39.46,0.3,0.12,0.1,0.15,0.1,0.064,0.025,0.01,0.05,0.04,Auto,0.3,Presenza potenziale: Auto (30.0%) stimata sulla superficie semantica di appoggio.
Scena 1 (cc8c0b),9,07963799cc9d4a19bd0d9076e4a00da4,48,24.613,24.2,0.01,0.2,0.0,0.05,0.01,0.0,0.0,0.2,0.1,0.1,Pedone,0.2,Presenza potenziale: Pedone (20.0%) stimata sulla superficie semantica di appoggio.
Scena 1 (cc8c0b),9,07963799cc9d4a19bd0d9076e4a00da4,49,3.113,28.27,0.0173,0.2276,0.0086,0.1052,0.05,0.0017,0.0,0.0117,0.05,0.0117,Pedone,0.2276,Presenza potenziale: Pedone (22.8%) stimata sulla superficie semantica di appoggio.
Scena 1 (cc8c0b),9,07963799cc9d4a19bd0d9076e4a00da4,50,17.149,33.67,0.1107,0.164,0.0288,0.1219,0.0747,0.0115,0.0036,0.0633,0.064,0.0496,Pedone,0.164,Area probabilmente libera o con ostacoli minori (Pedone al 16.4%).
Scena 1 (cc8c0b),9,07963799cc9d4a19bd0d9076e4a00da4,51,16.452,37.05,0.0175,0.2283,0.003,0.1266,0.0419,0.0,0.0,0.1241,0.95,0.0578,Cono,0.95,Forte indizio di presenza: Cono (95.0%) in base alla memoria temporale causale.
Scena 1 (cc8c0b),9,07963799cc9d4a19bd0d9076e4a00da4,52,1.272,35.65,0.0,0.15,0.0,0.075,0.05,0.0,0.0,0.01,0.05,0.01,Pedone,0.15,Area probabilmente libera o con ostacoli minori (Pedone al 15.0%).
Scena 1 (cc8c0b),9,07963799cc9d4a19bd0d9076e4a00da4,53,32.973,23.64,0.1253,0.1911,0.0338,0.1603,0.0836,0.0127,0.004,0.0388,0.0603,0.0341,Pedone,0.1911,Area probabilmente libera o con ostacoli minori (Pedone al 19.1%).
Scena 1 (cc8c0b),10,6be2618c971046478919fe91a9880bd8,0,132.689,30.55,0.2449,0.1617,0.1606,0.1569,0.0843,0.063,0.0388,0.0325,0.0567,0.0502,Auto,0.2449,Presenza potenziale: Auto (24.5%) stimata sulla superficie semantica di appoggio.
Scena 1 (cc8c0b),10,6be2618c971046478919fe91a9880bd8,1,74.043,31.72,0.0147,0.2356,0.0024,0.0856,0.0124,0.0,0.0,0.1881,0.1,0.0881,Pedone,0.2356,Presenza potenziale: Pedone (23.6%) stimata sulla superficie semantica di appoggio.
Scena 1 (cc8c0b),10,6be2618c971046478919fe91a9880bd8,2,115.136,23.01,0.0142,0.95,0.0021,0.0814,0.0121,0.0,0.0,0.1895,0.1,0.0895,Pedone,0.95,Forte indizio di presenza: Pedone (95.0%) in base alla memoria temporale causale.
Scena 1 (cc8c0b),10,6be2618c971046478919fe91a9880bd8,3,90.098,21.09,0.017,0.2528,0.0035,0.1028,0.0135,0.0,0.0,0.1824,0.1,0.0824,Pedone,0.2528,Presenza potenziale: Pedone (25.3%) stimata sulla superficie semantica di appoggio.
Scena 1 (cc8c0b),10,6be2618c971046478919fe91a9880bd8,4,135.418,19.27,0.0414,0.2747,0.0125,0.1376,0.0218,0.0046,0.0018,0.1596,0.0964,0.0689,Pedone,0.2747,Presenza potenziale: Pedone (27.5%) stimata sulla superficie semantica di appoggio.
Scena 1 (cc8c0b),10,6be2618c971046478919fe91a9880bd8,5,70.899,32.22,0.2636,0.1829,0.1727,0.1682,0.0909,0.0673,0.0409,0.0118,0.05,0.0445,Auto,0.2636,Presenza potenziale: Auto (26.4%) stimata sulla superficie semantica di appoggio.
Scena 1 (cc8c0b),10,6be2618c971046478919fe91a9880bd8,6,26.205,34.35,0.024,0.3047,0.007,0.1547,0.017,0.0,0.0,0.1651,0.1,0.0651,Pedone,0.3047,Presenza potenziale: Pedone (30.5%) stimata sulla superficie semantica di appoggio.
Scena 1 (cc8c0b),10,6be2618c971046478919fe91a9880bd8,7,60.61,26.96,0.0154,0.2407,0.0027,0.0907,0.0127,0.0,0.0,0.1864,0.1,0.0864,Pedone,0.2407,Presenza potenziale: Pedone (24.1%) stimata sulla superficie semantica di appoggio.
Scena 1 (cc8c0b),10,6be2618c971046478919fe91a9880bd8,8,141.489,16.84,0.0132,0.95,0.0016,0.0743,0.0117,0.0,0.0,0.1916,0.0999,0.0918,Pedone,0.95,Forte indizio di presenza: Pedone (95.0%) in base alla memoria temporale causale.
Scena 1 (cc8c0b),10,6be2618c971046478919fe91a9880bd8,9,133.537,15.99,0.0157,0.243,0.0029,0.0937,0.0133,0.0,0.0,0.1836,0.0995,0.0846,Pedone,0.243,Presenza potenziale: Pedone (24.3%) stimata sulla superficie semantica di appoggio.
Scena 1 (cc8c0b),10,6be2618c971046478919fe91a9880bd8,10,44.732,29.5,0.0233,0.2997,0.0066,0.1497,0.0166,0.0,0.0,0.1668,0.1,0.0668,Pedone,0.2997,Presenza potenziale: Pedone (30.0%) stimata sulla superficie semantica di appoggio.
Scena 1 (cc8c0b),10,6be2618c971046478919fe91a9880bd8,11,31.354,15.86,0.0143,0.2329,0.0023,0.0855,0.0137,0.0,0.0,0.182,0.0983,0.0854,Pedone,0.2329,Presenza potenziale: Pedone (23.3%) stimata sulla superficie semantica di appoggio.
Scena 1 (cc8c0b),10,6be2618c971046478919fe91a9880bd8,12,137.957,21.4,0.0173,0.252,0.0036,0.1073,0.0168,0.0,0.0,0.1753,0.0982,0.0791,Pedone,0.252,Presenza potenziale: Pedone (25.2%) stimata sulla superficie semantica di appoggio.
Scena 1 (cc8c0b),10,6be2618c971046478919fe91a9880bd8,13,149.299,14.83,0.0873,0.3012,0.0291,0.1894,0.037,0.0136,0.0053,0.1203,0.0894,0.0479,Pedone,0.3012,Presenza potenziale: Pedone (30.1%) stimata sulla superficie semantica di appoggio.
Scena 1 (cc8c0b),10,6be2618c971046478919fe91a9880bd8,14,95.883,13.37,0.0658,0.2903,0.019,0.1851,0.0439,0.0048,0.0015,0.1082,0.0851,0.044,Pedone,0.2903,Presenza potenziale: Pedone (29.0%) stimata sulla superficie semantica di appoggio.
Scena 1 (cc8c0b),10,6be2618c971046478919fe91a9880bd8,15,63.372,14.79,0.277,0.1723,0.0941,0.1604,0.0942,0.0579,0.0222,0.012,0.0502,0.0381,Auto,0.277,Presenza potenziale: Auto (27.7%) stimata sulla superficie semantica di appoggio.
Scena 1 (cc8c0b),10,6be2618c971046478919fe91a9880bd8,16,3.008,19.84,0.0126,0.2066,0.0063,0.097,0.05,0.0013,0.0,0.0113,0.05,0.0113,Pedone,0.2066,Presenza potenziale: Pedone (20.7%) stimata sulla superficie semantica di appoggio.
Scena 1 (cc8c0b),10,6be2618c971046478919fe91a9880bd8,17,3.877,41.17,0.01,0.2,0.0,0.05,0.01,0.0,0.0,0.2,0.1,0.1,Pedone,0.2,Presenza potenziale: Pedone (20.0%) stimata sulla superficie semantica di appoggio.
Scena 1 (cc8c0b),10,6be2618c971046478919fe91a9880bd8,18,104.166,17.63,0.0804,0.2377,0.047,0.1328,0.0334,0.0172,0.0107,0.1388,0.0893,0.0688,Pedone,0.2377,Presenza potenziale: Pedone (23.8%) stimata sulla superficie semantica di appoggio.
Scena 1 (cc8c0b),10,6be2618c971046478919fe91a9880bd8,19,3.667,26.79,0.01,0.2,0.0,0.05,0.01,0.0,0.0,0.2,0.1,0.1,Pedone,0.2,Presenza potenziale: Pedone (20.0%) stimata sulla superficie semantica di appoggio.
Scena 1 (cc8c0b),10,6be2618c971046478919fe91a9880bd8,20,24.842,26.91,0.01,0.2,0.0,0.05,0.01,0.0,0.0,0.2,0.1,0.1,Pedone,0.2,Presenza potenziale: Pedone (20.0%) stimata sulla superficie semantica di appoggio.
Scena 1 (cc8c0b),10,6be2618c971046478919fe91a9880bd8,21,14.165,37.23,0.01,0.2,0.0,0.05,0.01,0.0,0.0,0.2,0.1,0.1,Pedone,0.2,Presenza potenziale: Pedone (20.0%) stimata sulla superficie semantica di appoggio.
Scena 1 (cc8c0b),10,6be2618c971046478919fe91a9880bd8,22,92.18,32.17,0.01,0.1998,0.0,0.0501,0.0102,0.0,0.0,0.1992,0.0998,0.0996,Pedone,0.1998,Area probabilmente libera o con ostacoli minori (Pedone al 20.0%).
Scena 1 (cc8c0b),10,6be2618c971046478919fe91a9880bd8,23,53.533,44.96,0.01,0.2,0.0,0.05,0.01,0.0,0.0,0.2,0.1,0.1,Pedone,0.2,Presenza potenziale: Pedone (20.0%) stimata sulla superficie semantica di appoggio.
Scena 1 (cc8c0b),10,6be2618c971046478919fe91a9880bd8,24,14.487,23.15,0.01,0.2,0.0,0.05,0.01,0.0,0.0,0.2,0.1,0.1,Pedone,0.2,Presenza potenziale: Pedone (20.0%) stimata sulla superficie semantica di appoggio.
Scena 1 (cc8c0b),10,6be2618c971046478919fe91a9880bd8,25,8.962,47.78,0.1366,0.1551,0.0362,0.1407,0.0914,0.0145,0.0045,0.0282,0.0548,0.0366,Pedone,0.1551,Area probabilmente libera o con ostacoli minori (Pedone al 15.5%).
Scena 1 (cc8c0b),10,6be2618c971046478919fe91a9880bd8,26,23.847,32.02,0.95,0.2113,0.0023,0.1295,0.95,0.0,0.0,0.1023,0.0773,0.05,Auto,0.95,Forte indizio di presenza: Auto (95.0%) in base alla memoria temporale causale.
Scena 1 (cc8c0b),10,6be2618c971046478919fe91a9880bd8,27,20.921,23.22,0.01,0.2,0.0,0.05,0.01,0.0,0.0,0.2,0.1,0.1,Pedone,0.2,Presenza potenziale: Pedone (20.0%) stimata sulla superficie semantica di appoggio.
Scena 1 (cc8c0b),10,6be2618c971046478919fe91a9880bd8,28,5.127,33.65,0.0209,0.2441,0.0105,0.1116,0.05,0.0021,0.0,0.0121,0.05,0.0121,Pedone,0.2441,Presenza potenziale: Pedone (24.4%) stimata sulla superficie semantica di appoggio.
Scena 1 (cc8c0b),10,6be2618c971046478919fe91a9880bd8,29,14.442,48.78,0.95,0.1208,0.0989,0.1489,0.0991,0.0633,0.0247,0.012,0.0505,0.0406,Auto,0.95,Forte indizio di presenza: Auto (95.0%) in base alla memoria temporale causale.
Scena 1 (cc8c0b),10,6be2618c971046478919fe91a9880bd8,30,1.247,36.21,0.0025,0.1624,0.0,0.0688,0.0401,0.0,0.0,0.0572,0.0624,0.0324,Pedone,0.1624,Area probabilmente libera o con ostacoli minori (Pedone al 16.2%).
Scena 1 (cc8c0b),10,6be2618c971046478919fe91a9880bd8,31,32.269,30.82,0.1326,0.3068,0.0435,0.1848,0.0826,0.0139,0.0033,0.0135,0.05,0.0265,Pedone,0.3068,Presenza potenziale: Pedone (30.7%) stimata sulla superficie semantica di appoggio.
Scena 1 (cc8c0b),10,6be2618c971046478919fe91a9880bd8,32,5.088,38.63,0.01,0.2,0.0,0.05,0.01,0.0,0.0,0.2,0.1,0.1,Pedone,0.2,Presenza potenziale: Pedone (20.0%) stimata sulla superficie semantica di appoggio.
Scena 1 (cc8c0b),10,6be2618c971046478919fe91a9880bd8,33,93.943,17.82,0.1256,0.95,0.0789,0.1191,0.0466,0.0308,0.0192,0.1167,0.0808,0.0706,Pedone,0.95,Forte indizio di presenza: Pedone (95.0%) in base alla memoria temporale causale.
Scena 1 (cc8c0b),10,6be2618c971046478919fe91a9880bd8,34,21.573,32.67,0.95,0.209,0.0021,0.127,0.95,0.0,0.0,0.1034,0.0773,0.0509,Auto,0.95,Forte indizio di presenza: Auto (95.0%) in base alla memoria temporale causale.
Scena 1 (cc8c0b),10,6be2618c971046478919fe91a9880bd8,35,59.673,20.41,0.2527,0.1079,0.1674,0.1337,0.0853,0.067,0.0418,0.041,0.0582,0.0582,Auto,0.2527,Presenza potenziale: Auto (25.3%) stimata sulla superficie semantica di appoggio.
Scena 1 (cc8c0b),10,6be2618c971046478919fe91a9880bd8,36,7.36,22.7,0.0131,0.1692,0.0,0.1116,0.0654,0.0,0.0,0.083,0.0692,0.0477,Pedone,0.1692,Area probabilmente libera o con ostacoli minori (Pedone al 16.9%).
Scena 1 (cc8c0b),10,6be2618c971046478919fe91a9880bd8,37,3.455,22.39,0.01,0.2,0.0,0.05,0.01,0.0,0.0,0.2,0.1,0.1,Pedone,0.2,Presenza potenziale: Pedone (20.0%) stimata sulla superficie semantica di appoggio.
Scena 1 (cc8c0b),10,6be2618c971046478919fe91a9880bd8,38,0.145,28.63,0.0,0.15,0.0,0.075,0.05,0.0,0.0,0.01,0.05,0.01,Pedone,0.15,Area probabilmente libera o con ostacoli minori (Pedone al 15.0%).
Scena 1 (cc8c0b),10,6be2618c971046478919fe91a9880bd8,39,23.325,24.14,0.01,0.2,0.0,0.05,0.01,0.0,0.0,0.2,0.1,0.1,Pedone,0.2,Presenza potenziale: Pedone (20.0%) stimata sulla superficie semantica di appoggio.
Scena 1 (cc8c0b),10,6be2618c971046478919fe91a9880bd8,40,6.22,29.88,0.01,0.2,0.0,0.05,0.01,0.0,0.0,0.2,0.1,0.1,Pedone,0.2,Presenza potenziale: Pedone (20.0%) stimata sulla superficie semantica di appoggio.
Scena 1 (cc8c0b),10,6be2618c971046478919fe91a9880bd8,41,60.196,42.39,0.95,0.1888,0.074,0.1145,0.0444,0.0289,0.018,0.122,0.95,0.0725,Auto,0.95,Forte indizio di presenza: Auto (95.0%) in base alla memoria temporale causale.
Scena 1 (cc8c0b),10,6be2618c971046478919fe91a9880bd8,42,30.942,36.19,0.3,0.09,0.2,0.15,0.1,0.08,0.05,0.01,0.05,0.05,Auto,0.3,Presenza potenziale: Auto (30.0%) stimata sulla superficie semantica di appoggio.
Scena 1 (cc8c0b),10,6be2618c971046478919fe91a9880bd8,43,4.598,31.87,0.002,0.1601,0.0,0.0699,0.0419,0.0,0.0,0.0484,0.0601,0.0282,Pedone,0.1601,Area probabilmente libera o con ostacoli minori (Pedone al 16.0%).
Scena 1 (cc8c0b),10,6be2618c971046478919fe91a9880bd8,44,5.826,26.0,0.01,0.2,0.0,0.05,0.01,0.0,0.0,0.2,0.1,0.1,Pedone,0.2,Presenza potenziale: Pedone (20.0%) stimata sulla superficie semantica di appoggio.
Scena 1 (cc8c0b),10,6be2618c971046478919fe91a9880bd8,45,0.831,37.43,0.0077,0.1886,0.0,0.0557,0.0191,0.0,0.0,0.1568,0.0886,0.0795,Pedone,0.1886,Area probabilmente libera o con ostacoli minori (Pedone al 18.9%).
Scena 1 (cc8c0b),10,6be2618c971046478919fe91a9880bd8,46,4.523,23.46,0.01,0.2,0.0,0.05,0.01,0.0,0.0,0.2,0.1,0.1,Pedone,0.2,Presenza potenziale: Pedone (20.0%) stimata sulla superficie semantica di appoggio.
Scena 1 (cc8c0b),10,6be2618c971046478919fe91a9880bd8,47,6.668,24.9,0.0113,0.2015,0.0052,0.0908,0.0462,0.001,0.0,0.029,0.0547,0.0196,Pedone,0.2015,Presenza potenziale: Pedone (20.2%) stimata sulla superficie semantica di appoggio.
Scena 1 (cc8c0b),10,6be2618c971046478919fe91a9880bd8,48,33.961,33.56,0.2449,0.1352,0.081,0.131,0.0829,0.0518,0.0203,0.0461,0.0595,0.0514,Auto,0.2449,Presenza potenziale: Auto (24.5%) stimata sulla superficie semantica di appoggio.
Scena 1 (cc8c0b),10,6be2618c971046478919fe91a9880bd8,49,25.992,34.45,0.016,0.2031,0.0018,0.1249,0.95,0.0,0.0,0.1,0.0761,0.0503,Moto,0.95,Forte indizio di presenza: Moto (95.0%) in base alla memoria temporale causale.
Scena 1 (cc8c0b),10,6be2618c971046478919fe91a9880bd8,50,32.715,22.09,0.1302,0.183,0.035,0.1583,0.0868,0.0134,0.0042,0.0331,0.0583,0.0333,Pedone,0.183,Area probabilmente libera o con ostacoli minori (Pedone al 18.3%).
